insert into tags (id, name)
values (1, 'consectetuer');
insert into tags (id, name)
values (2, 'lacinia nisi');
insert into tags (id, name)
values (3, 'congue etiam');
insert into tags (id, name)
values (4, 'morbi ut');
insert into tags (id, name)
values (5, 'id ornare');
insert into tags (id, name)
values (6, 'quis');
insert into tags (id, name)
values (7, 'nec nisi');
insert into tags (id, name)
values (8, 'purus');
insert into tags (id, name)
values (9, 'commodo');
insert into tags (id, name)
values (10, 'ac');
insert into tags (id, name)
values (11, 'proin eu');
insert into tags (id, name)
values (12, 'metus vitae');
insert into tags (id, name)
values (13, 'sollicitudin mi');
insert into tags (id, name)
values (14, 'praesent');
insert into tags (id, name)
values (15, 'aliquam quis');
insert into tags (id, name)
values (16, 'sollicitudin');
insert into tags (id, name)
values (17, 'integer');
insert into tags (id, name)
values (18, 'augue');
insert into tags (id, name)
values (19, 'metus sapien');
insert into tags (id, name)
values (20, 'vel');
insert into tags (id, name)
values (21, 'scelerisque quam');
insert into tags (id, name)
values (22, 'habitasse platea');
insert into tags (id, name)
values (23, 'dapibus');
insert into tags (id, name)
values (24, 'neque');
insert into tags (id, name)
values (25, 'cras mi');
insert into tags (id, name)
values (26, 'dapibus nulla');
insert into tags (id, name)
values (27, 'ultrices');
insert into tags (id, name)
values (28, 'augue');
insert into tags (id, name)
values (29, 'nec');
insert into tags (id, name)
values (30, 'bibendum morbi');
insert into tags (id, name)
values (31, 'sit amet');
insert into tags (id, name)
values (32, 'sapien in');
insert into tags (id, name)
values (33, 'eget');
insert into tags (id, name)
values (34, 'ligula');
insert into tags (id, name)
values (35, 'in');
insert into tags (id, name)
values (36, 'potenti');
insert into tags (id, name)
values (37, 'sit');
insert into tags (id, name)
values (38, 'luctus et');
insert into tags (id, name)
values (39, 'nulla');
insert into tags (id, name)
values (40, 'imperdiet');
insert into tags (id, name)
values (41, 'nascetur');
insert into tags (id, name)
values (42, 'etiam');
insert into tags (id, name)
values (43, 'mi');
insert into tags (id, name)
values (44, 'at');
insert into tags (id, name)
values (45, 'augue');
insert into tags (id, name)
values (46, 'luctus et');
insert into tags (id, name)
values (47, 'tempor');
insert into tags (id, name)
values (48, 'donec semper');
insert into tags (id, name)
values (49, 'auctor sed');
insert into tags (id, name)
values (50, 'sit amet');

-- Inserting categories into categories table

insert into categories (id, category_name)
values (1, 'urna ut');
insert into categories (id, category_name)
values (2, 'ligula suspendisse');
insert into categories (id, category_name)
values (3, 'leo');
insert into categories (id, category_name)
values (4, 'posuere');
insert into categories (id, category_name)
values (5, 'viverra diam');
insert into categories (id, category_name)
values (6, 'dis');
insert into categories (id, category_name)
values (7, 'mattis');
insert into categories (id, category_name)
values (8, 'curae donec');
insert into categories (id, category_name)
values (9, 'mollis molestie');
insert into categories (id, category_name)
values (10, 'at dolor');
insert into categories (id, category_name)
values (11, 'nulla');
insert into categories (id, category_name)
values (12, 'integer');
insert into categories (id, category_name)
values (13, 'aliquet');
insert into categories (id, category_name)
values (14, 'nascetur');
insert into categories (id, category_name)
values (15, 'dictumst');
insert into categories (id, category_name)
values (16, 'justo');
insert into categories (id, category_name)
values (17, 'iaculis justo');
insert into categories (id, category_name)
values (18, 'libero ut');
insert into categories (id, category_name)
values (19, 'amet');
insert into categories (id, category_name)
values (20, 'congue etiam');
insert into categories (id, category_name)
values (21, 'tortor quis');
insert into categories (id, category_name)
values (22, 'quis');
insert into categories (id, category_name)
values (23, 'at');
insert into categories (id, category_name)
values (24, 'nisi nam');
insert into categories (id, category_name)
values (25, 'non');
insert into categories (id, category_name)
values (26, 'sed');
insert into categories (id, category_name)
values (27, 'auctor');
insert into categories (id, category_name)
values (28, 'nulla sed');
insert into categories (id, category_name)
values (29, 'eu');
insert into categories (id, category_name)
values (30, 'donec');
insert into categories (id, category_name)
values (31, 'ultrices enim');
insert into categories (id, category_name)
values (32, 'quam');
insert into categories (id, category_name)
values (33, 'pede morbi');
insert into categories (id, category_name)
values (34, 'dapibus');
insert into categories (id, category_name)
values (35, 'suscipit a');
insert into categories (id, category_name)
values (36, 'eros');
insert into categories (id, category_name)
values (37, 'est phasellus');
insert into categories (id, category_name)
values (38, 'rutrum nulla');
insert into categories (id, category_name)
values (39, 'dolor quis');
insert into categories (id, category_name)
values (40, 'aliquam');
insert into categories (id, category_name)
values (41, 'fermentum');
insert into categories (id, category_name)
values (42, 'orci luctus');
insert into categories (id, category_name)
values (43, 'ac neque');
insert into categories (id, category_name)
values (44, 'eget');
insert into categories (id, category_name)
values (45, 'donec');
insert into categories (id, category_name)
values (46, 'quisque porta');
insert into categories (id, category_name)
values (47, 'neque duis');
insert into categories (id, category_name)
values (48, 'aliquam');
insert into categories (id, category_name)
values (49, 'convallis');
insert into categories (id, category_name)
values (50, 'curabitur at');

-- Inserting courses into courses table

insert into courses (id, course_name, description, duration, language, price, update_date, course_category)
values (1, 'Dooley, Aufderhar and Hyatt', 'justo in', 21, 'UKRAINIAN', 61, '2022-03-08', 45);
insert into courses (id, course_name, description, duration, language, price, update_date, course_category)
values (2, 'Morar LLC', 'orci luctus', 18, 'UKRAINIAN', 40, '2021-03-30', 16);
insert into courses (id, course_name, description, duration, language, price, update_date, course_category)
values (3, 'Senger-Hane', 'platea dictumst etiam', 22, 'UKRAINIAN', 68, '2021-10-22', 4);
insert into courses (id, course_name, description, duration, language, price, update_date, course_category)
values (4, 'Friesen-Emmerich', 'erat tortor sollicitudin', 16, 'UKRAINIAN', 60, '2022-03-11', 37);
insert into courses (id, course_name, description, duration, language, price, update_date, course_category)
values (5, 'Larson-Leannon', 'sed accumsan', 22, 'UKRAINIAN', 51, '2022-01-31', 23);
insert into courses (id, course_name, description, duration, language, price, update_date, course_category)
values (6, 'Donnelly, Murazik and Gulgowski', 'vestibulum ante ipsum', 23, 'UKRAINIAN', 48, '2021-04-15', 4);
insert into courses (id, course_name, description, duration, language, price, update_date, course_category)
values (7, 'Cremin-Hansen', 'fusce congue diam', 17, 'UKRAINIAN', 76, '2022-04-29', 5);
insert into courses (id, course_name, description, duration, language, price, update_date, course_category)
values (8, 'Pfeffer, Shanahan and Emmerich', 'ipsum primis', 23, 'UKRAINIAN', 47, '2021-02-26', 50);
insert into courses (id, course_name, description, duration, language, price, update_date, course_category)
values (9, 'Herzog, Weimann and Bogan', 'maecenas pulvinar', 23, 'UKRAINIAN', 77, '2022-01-22', 16);
insert into courses (id, course_name, description, duration, language, price, update_date, course_category)
values (10, 'Oberbrunner and Sons', 'luctus et ultrices', 20, 'UKRAINIAN', 40, '2022-04-03', 36);
insert into courses (id, course_name, description, duration, language, price, update_date, course_category)
values (11, 'Littel and Sons', 'odio porttitor id', 23, 'UKRAINIAN', 59, '2021-02-25', 42);
insert into courses (id, course_name, description, duration, language, price, update_date, course_category)
values (12, 'Schuppe, Ward and Wunsch', 'diam nam tristique', 16, 'UKRAINIAN', 42, '2021-06-09', 5);
insert into courses (id, course_name, description, duration, language, price, update_date, course_category)
values (13, 'Terry, Gusikowski and Trantow', 'eget tempus', 23, 'UKRAINIAN', 74, '2021-05-20', 28);
insert into courses (id, course_name, description, duration, language, price, update_date, course_category)
values (14, 'Harber, Crona and Champlin', 'curabitur in', 19, 'UKRAINIAN', 76, '2021-02-06', 34);
insert into courses (id, course_name, description, duration, language, price, update_date, course_category)
values (15, 'Howell-Farrell', 'nulla sed vel', 16, 'UKRAINIAN', 56, '2021-08-10', 37);
insert into courses (id, course_name, description, duration, language, price, update_date, course_category)
values (16, 'Kohler Group', 'vestibulum aliquet ultrices', 17, 'UKRAINIAN', 62, '2021-02-14', 45);
insert into courses (id, course_name, description, duration, language, price, update_date, course_category)
values (17, 'Bogan LLC', 'quis lectus', 22, 'UKRAINIAN', 69, '2022-02-08', 8);
insert into courses (id, course_name, description, duration, language, price, update_date, course_category)
values (18, 'Pacocha, Jacobs and Streich', 'turpis nec euismod', 19, 'UKRAINIAN', 51, '2021-08-03', 23);
insert into courses (id, course_name, description, duration, language, price, update_date, course_category)
values (19, 'Mosciski, Hoeger and Auer', 'consequat metus sapien', 15, 'UKRAINIAN', 41, '2022-01-20', 17);
insert into courses (id, course_name, description, duration, language, price, update_date, course_category)
values (20, 'Sipes and Sons', 'quis odio consequat', 23, 'UKRAINIAN', 58, '2021-01-30', 44);
insert into courses (id, course_name, description, duration, language, price, update_date, course_category)
values (21, 'Cruickshank-Greenholt', 'nascetur ridiculus mus', 18, 'UKRAINIAN', 57, '2021-08-30', 4);
insert into courses (id, course_name, description, duration, language, price, update_date, course_category)
values (22, 'Heller-Armstrong', 'rutrum at lorem', 17, 'UKRAINIAN', 50, '2021-07-28', 23);
insert into courses (id, course_name, description, duration, language, price, update_date, course_category)
values (23, 'Shields, Hudson and Koch', 'id turpis integer', 22, 'UKRAINIAN', 69, '2021-05-01', 14);
insert into courses (id, course_name, description, duration, language, price, update_date, course_category)
values (24, 'Stiedemann and Sons', 'a pede', 19, 'UKRAINIAN', 62, '2022-04-20', 43);
insert into courses (id, course_name, description, duration, language, price, update_date, course_category)
values (25, 'Kessler-Hettinger', 'erat vestibulum sed', 20, 'UKRAINIAN', 52, '2021-11-18', 15);
insert into courses (id, course_name, description, duration, language, price, update_date, course_category)
values (26, 'Weissnat-Osinski', 'luctus cum', 18, 'UKRAINIAN', 43, '2021-10-29', 10);
insert into courses (id, course_name, description, duration, language, price, update_date, course_category)
values (27, 'Bradtke, Fisher and Leuschke', 'in porttitor', 21, 'UKRAINIAN', 46, '2022-05-16', 31);
insert into courses (id, course_name, description, duration, language, price, update_date, course_category)
values (28, 'O''Reilly, Kiehn and McCullough', 'justo aliquam quis', 19, 'UKRAINIAN', 40, '2021-05-14', 13);
insert into courses (id, course_name, description, duration, language, price, update_date, course_category)
values (29, 'Rolfson Group', 'donec semper sapien', 17, 'UKRAINIAN', 69, '2021-03-05', 34);
insert into courses (id, course_name, description, duration, language, price, update_date, course_category)
values (30, 'Ferry Inc', 'ultricies eu', 19, 'UKRAINIAN', 58, '2022-01-17', 50);
insert into courses (id, course_name, description, duration, language, price, update_date, course_category)
values (31, 'Stark, Yost and Jacobi', 'vulputate justo in', 19, 'UKRAINIAN', 69, '2021-02-10', 39);
insert into courses (id, course_name, description, duration, language, price, update_date, course_category)
values (32, 'Wolf, Wyman and Dietrich', 'rutrum at lorem', 20, 'UKRAINIAN', 56, '2021-05-21', 13);
insert into courses (id, course_name, description, duration, language, price, update_date, course_category)
values (33, 'Lemke Group', 'tempus semper est', 19, 'UKRAINIAN', 79, '2022-05-19', 14);
insert into courses (id, course_name, description, duration, language, price, update_date, course_category)
values (34, 'Zieme, Schroeder and Morar', 'orci eget', 17, 'UKRAINIAN', 74, '2021-06-23', 13);
insert into courses (id, course_name, description, duration, language, price, update_date, course_category)
values (35, 'Carter, Gibson and Stracke', 'convallis morbi', 15, 'UKRAINIAN', 58, '2021-01-02', 8);
insert into courses (id, course_name, description, duration, language, price, update_date, course_category)
values (36, 'O''Conner-Oberbrunner', 'enim lorem', 15, 'UKRAINIAN', 75, '2021-05-15', 30);
insert into courses (id, course_name, description, duration, language, price, update_date, course_category)
values (37, 'O''Hara-Waelchi', 'phasellus in', 16, 'UKRAINIAN', 60, '2021-06-26', 49);
insert into courses (id, course_name, description, duration, language, price, update_date, course_category)
values (38, 'Fritsch, West and Wilkinson', 'justo aliquam quis', 15, 'UKRAINIAN', 42, '2021-01-06', 26);
insert into courses (id, course_name, description, duration, language, price, update_date, course_category)
values (39, 'Nikolaus-Gleichner', 'suscipit ligula', 21, 'UKRAINIAN', 59, '2022-02-04', 25);
insert into courses (id, course_name, description, duration, language, price, update_date, course_category)
values (40, 'Ryan, Turcotte and Haley', 'morbi odio odio', 19, 'UKRAINIAN', 76, '2022-02-13', 12);
insert into courses (id, course_name, description, duration, language, price, update_date, course_category)
values (41, 'Harris, Oberbrunner and Bechtelar', 'quam sapien varius', 17, 'UKRAINIAN', 76, '2022-04-11', 33);
insert into courses (id, course_name, description, duration, language, price, update_date, course_category)
values (42, 'Champlin LLC', 'porttitor id', 20, 'UKRAINIAN', 53, '2021-11-17', 39);
insert into courses (id, course_name, description, duration, language, price, update_date, course_category)
values (43, 'Lowe, Cassin and Mante', 'adipiscing elit', 19, 'UKRAINIAN', 63, '2021-03-07', 9);
insert into courses (id, course_name, description, duration, language, price, update_date, course_category)
values (44, 'Heathcote-Lindgren', 'venenatis lacinia', 19, 'UKRAINIAN', 57, '2022-05-19', 38);
insert into courses (id, course_name, description, duration, language, price, update_date, course_category)
values (45, 'Wolf Inc', 'quis odio consequat', 15, 'UKRAINIAN', 62, '2022-04-17', 30);
insert into courses (id, course_name, description, duration, language, price, update_date, course_category)
values (46, 'Wyman-Walker', 'id consequat', 22, 'UKRAINIAN', 44, '2021-06-24', 14);
insert into courses (id, course_name, description, duration, language, price, update_date, course_category)
values (47, 'Maggio, Hettinger and Ryan', 'at velit', 22, 'UKRAINIAN', 65, '2021-08-12', 39);
insert into courses (id, course_name, description, duration, language, price, update_date, course_category)
values (48, 'Sauer and Sons', 'leo pellentesque ultrices', 19, 'UKRAINIAN', 58, '2021-03-30', 21);
insert into courses (id, course_name, description, duration, language, price, update_date, course_category)
values (49, 'Rippin-Hackett', 'tellus nulla', 18, 'UKRAINIAN', 77, '2021-06-28', 42);
insert into courses (id, course_name, description, duration, language, price, update_date, course_category)
values (50, 'Price Group', 'pede ullamcorper augue', 23, 'UKRAINIAN', 64, '2021-04-24', 23);

-- Inserting course_tags into course_tags table

insert into course_tags (course_id, tag_id)
values (1, 48);
insert into course_tags (course_id, tag_id)
values (28, 29);
insert into course_tags (course_id, tag_id)
values (18, 14);
insert into course_tags (course_id, tag_id)
values (38, 40);
insert into course_tags (course_id, tag_id)
values (43, 4);
insert into course_tags (course_id, tag_id)
values (28, 50);
insert into course_tags (course_id, tag_id)
values (21, 15);
insert into course_tags (course_id, tag_id)
values (14, 45);
insert into course_tags (course_id, tag_id)
values (26, 35);
insert into course_tags (course_id, tag_id)
values (17, 36);
insert into course_tags (course_id, tag_id)
values (25, 42);
insert into course_tags (course_id, tag_id)
values (9, 48);
insert into course_tags (course_id, tag_id)
values (13, 49);
insert into course_tags (course_id, tag_id)
values (43, 31);
insert into course_tags (course_id, tag_id)
values (39, 45);
insert into course_tags (course_id, tag_id)
values (26, 2);
insert into course_tags (course_id, tag_id)
values (39, 13);
insert into course_tags (course_id, tag_id)
values (28, 17);
insert into course_tags (course_id, tag_id)
values (1, 5);
insert into course_tags (course_id, tag_id)
values (37, 36);
insert into course_tags (course_id, tag_id)
values (17, 13);
insert into course_tags (course_id, tag_id)
values (9, 39);
insert into course_tags (course_id, tag_id)
values (17, 11);
insert into course_tags (course_id, tag_id)
values (25, 3);
insert into course_tags (course_id, tag_id)
values (47, 8);
insert into course_tags (course_id, tag_id)
values (11, 39);
insert into course_tags (course_id, tag_id)
values (45, 29);
insert into course_tags (course_id, tag_id)
values (17, 45);
insert into course_tags (course_id, tag_id)
values (6, 14);
insert into course_tags (course_id, tag_id)
values (48, 36);
insert into course_tags (course_id, tag_id)
values (17, 40);
insert into course_tags (course_id, tag_id)
values (42, 35);
insert into course_tags (course_id, tag_id)
values (21, 1);
insert into course_tags (course_id, tag_id)
values (42, 31);
insert into course_tags (course_id, tag_id)
values (24, 28);
insert into course_tags (course_id, tag_id)
values (47, 24);
insert into course_tags (course_id, tag_id)
values (30, 17);
insert into course_tags (course_id, tag_id)
values (30, 19);
insert into course_tags (course_id, tag_id)
values (22, 23);
insert into course_tags (course_id, tag_id)
values (23, 29);
insert into course_tags (course_id, tag_id)
values (20, 38);
insert into course_tags (course_id, tag_id)
values (10, 43);
insert into course_tags (course_id, tag_id)
values (38, 28);
insert into course_tags (course_id, tag_id)
values (42, 33);
insert into course_tags (course_id, tag_id)
values (22, 15);
insert into course_tags (course_id, tag_id)
values (39, 17);
insert into course_tags (course_id, tag_id)
values (34, 28);
insert into course_tags (course_id, tag_id)
values (5, 17);
insert into course_tags (course_id, tag_id)
values (22, 10);
insert into course_tags (course_id, tag_id)
values (24, 42);

-- Inserting modules into modules table

insert into modules (id, description, content, lesson_num, course_id)
values (1, 'nec sem', 'dignissim vestibulum vestibulum', 5, 22);
insert into modules (id, description, content, lesson_num, course_id)
values (2, 'leo odio condimentum', 'nulla nisl', 8, 26);
insert into modules (id, description, content, lesson_num, course_id)
values (3, 'mi integer', 'eu interdum', 8, 36);
insert into modules (id, description, content, lesson_num, course_id)
values (4, 'orci eget orci', 'in lacus curabitur', 4, 42);
insert into modules (id, description, content, lesson_num, course_id)
values (5, 'eleifend quam', 'hac habitasse', 9, 34);
insert into modules (id, description, content, lesson_num, course_id)
values (6, 'tincidunt in', 'justo sollicitudin ut', 20, 38);
insert into modules (id, description, content, lesson_num, course_id)
values (7, 'ipsum primis', 'elementum pellentesque quisque', 11, 47);
insert into modules (id, description, content, lesson_num, course_id)
values (8, 'in libero', 'lacus curabitur at', 8, 50);
insert into modules (id, description, content, lesson_num, course_id)
values (9, 'mi in porttitor', 'elementum nullam varius', 6, 27);
insert into modules (id, description, content, lesson_num, course_id)
values (10, 'nibh quisque', 'lobortis sapien', 14, 42);
insert into modules (id, description, content, lesson_num, course_id)
values (11, 'neque libero', 'montes nascetur ridiculus', 11, 8);
insert into modules (id, description, content, lesson_num, course_id)
values (12, 'metus sapien', 'fermentum donec ut', 17, 49);
insert into modules (id, description, content, lesson_num, course_id)
values (13, 'felis ut', 'odio consequat varius', 20, 23);
insert into modules (id, description, content, lesson_num, course_id)
values (14, 'posuere felis sed', 'lorem ipsum dolor', 13, 1);
insert into modules (id, description, content, lesson_num, course_id)
values (15, 'odio odio', 'non mattis pulvinar', 18, 20);
insert into modules (id, description, content, lesson_num, course_id)
values (16, 'pede morbi', 'venenatis lacinia', 7, 7);
insert into modules (id, description, content, lesson_num, course_id)
values (17, 'risus dapibus augue', 'non lectus', 14, 16);
insert into modules (id, description, content, lesson_num, course_id)
values (18, 'pulvinar nulla', 'felis fusce', 6, 17);
insert into modules (id, description, content, lesson_num, course_id)
values (19, 'at nibh', 'vestibulum ante', 6, 40);
insert into modules (id, description, content, lesson_num, course_id)
values (20, 'in hac', 'proin risus', 14, 1);
insert into modules (id, description, content, lesson_num, course_id)
values (21, 'morbi sem', 'erat vestibulum sed', 5, 31);
insert into modules (id, description, content, lesson_num, course_id)
values (22, 'hac habitasse platea', 'orci vehicula', 20, 19);
insert into modules (id, description, content, lesson_num, course_id)
values (23, 'vel nulla', 'volutpat convallis', 6, 27);
insert into modules (id, description, content, lesson_num, course_id)
values (24, 'ac enim', 'amet eros suspendisse', 11, 26);
insert into modules (id, description, content, lesson_num, course_id)
values (25, 'eu interdum eu', 'placerat praesent blandit', 9, 17);
insert into modules (id, description, content, lesson_num, course_id)
values (26, 'ipsum aliquam non', 'id nisl', 10, 36);
insert into modules (id, description, content, lesson_num, course_id)
values (27, 'lacinia sapien quis', 'nunc vestibulum ante', 6, 50);
insert into modules (id, description, content, lesson_num, course_id)
values (28, 'commodo placerat', 'eget elit', 6, 35);
insert into modules (id, description, content, lesson_num, course_id)
values (29, 'nisl venenatis', 'mauris eget', 15, 44);
insert into modules (id, description, content, lesson_num, course_id)
values (30, 'nisi vulputate nonummy', 'nulla suspendisse', 15, 20);
insert into modules (id, description, content, lesson_num, course_id)
values (31, 'sit amet', 'aliquet maecenas leo', 16, 13);
insert into modules (id, description, content, lesson_num, course_id)
values (32, 'vestibulum sit amet', 'morbi ut odio', 9, 17);
insert into modules (id, description, content, lesson_num, course_id)
values (33, 'turpis adipiscing lorem', 'nibh in', 17, 15);
insert into modules (id, description, content, lesson_num, course_id)
values (34, 'aliquet ultrices', 'nec molestie sed', 19, 24);
insert into modules (id, description, content, lesson_num, course_id)
values (35, 'montes nascetur ridiculus', 'porta volutpat erat', 5, 25);
insert into modules (id, description, content, lesson_num, course_id)
values (36, 'orci nullam', 'pulvinar nulla', 20, 17);
insert into modules (id, description, content, lesson_num, course_id)
values (37, 'sed lacus', 'lacinia erat', 20, 2);
insert into modules (id, description, content, lesson_num, course_id)
values (38, 'est et tempus', 'at dolor quis', 11, 28);
insert into modules (id, description, content, lesson_num, course_id)
values (39, 'bibendum felis', 'diam id', 9, 29);
insert into modules (id, description, content, lesson_num, course_id)
values (40, 'eleifend donec', 'nullam molestie nibh', 19, 6);
insert into modules (id, description, content, lesson_num, course_id)
values (41, 'porttitor id consequat', 'in leo', 19, 19);
insert into modules (id, description, content, lesson_num, course_id)
values (42, 'sapien iaculis congue', 'vitae ipsum', 20, 3);
insert into modules (id, description, content, lesson_num, course_id)
values (43, 'feugiat et eros', 'etiam vel augue', 19, 48);
insert into modules (id, description, content, lesson_num, course_id)
values (44, 'lobortis convallis tortor', 'iaculis justo in', 10, 5);
insert into modules (id, description, content, lesson_num, course_id)
values (45, 'amet eleifend pede', 'sit amet consectetuer', 7, 10);
insert into modules (id, description, content, lesson_num, course_id)
values (46, 'pede justo eu', 'est congue', 16, 23);
insert into modules (id, description, content, lesson_num, course_id)
values (47, 'mus vivamus vestibulum', 'nunc donec quis', 17, 42);
insert into modules (id, description, content, lesson_num, course_id)
values (48, 'nulla justo aliquam', 'non velit', 4, 39);
insert into modules (id, description, content, lesson_num, course_id)
values (49, 'proin leo odio', 'amet nunc viverra', 18, 34);
insert into modules (id, description, content, lesson_num, course_id)
values (50, 'erat nulla tempus', 'libero ut massa', 15, 43);

-- Inserting groups into groups table

insert into groups (id, capacity, name, start_date, course_id)
values (1, 3, 'Veum-Grady', '2022-01-27', 42);
insert into groups (id, capacity, name, start_date, course_id)
values (2, 4, 'Conroy, Reynolds and Koch', '2022-05-11', 32);
insert into groups (id, capacity, name, start_date, course_id)
values (3, 4, 'Ratke, Dibbert and Stroman', '2022-02-25', 7);
insert into groups (id, capacity, name, start_date, course_id)
values (4, 7, 'Medhurst-Mueller', '2022-11-29', 40);
insert into groups (id, capacity, name, start_date, course_id)
values (5, 4, 'Luettgen, Kovacek and Bartell', '2022-01-31', 30);
insert into groups (id, capacity, name, start_date, course_id)
values (6, 4, 'Gerlach Group', '2022-12-26', 32);
insert into groups (id, capacity, name, start_date, course_id)
values (7, 4, 'Turner-Schoen', '2022-01-10', 16);
insert into groups (id, capacity, name, start_date, course_id)
values (8, 8, 'Mayer-Hirthe', '2022-04-23', 28);
insert into groups (id, capacity, name, start_date, course_id)
values (9, 4, 'Haag, O''Keefe and Mitchell', '2022-09-30', 28);
insert into groups (id, capacity, name, start_date, course_id)
values (10, 6, 'Ortiz Inc', '2022-02-17', 14);
insert into groups (id, capacity, name, start_date, course_id)
values (11, 6, 'Will-Hane', '2022-04-19', 35);
insert into groups (id, capacity, name, start_date, course_id)
values (12, 3, 'Hermiston, Sporer and Mante', '2022-02-21', 24);
insert into groups (id, capacity, name, start_date, course_id)
values (13, 6, 'Corwin, Weber and Skiles', '2022-03-24', 8);
insert into groups (id, capacity, name, start_date, course_id)
values (14, 8, 'Pagac-Fahey', '2022-09-08', 4);
insert into groups (id, capacity, name, start_date, course_id)
values (15, 2, 'Rogahn LLC', '2022-03-01', 7);
insert into groups (id, capacity, name, start_date, course_id)
values (16, 8, 'Ryan-Beahan', '2023-01-07', 2);
insert into groups (id, capacity, name, start_date, course_id)
values (17, 8, 'Pouros, Ebert and Grady', '2022-06-27', 18);
insert into groups (id, capacity, name, start_date, course_id)
values (18, 2, 'Bartoletti-Boyer', '2022-07-25', 39);
insert into groups (id, capacity, name, start_date, course_id)
values (19, 2, 'Braun-Huel', '2022-09-07', 7);
insert into groups (id, capacity, name, start_date, course_id)
values (20, 2, 'Cole, Muller and Swaniawski', '2022-05-11', 13);
insert into groups (id, capacity, name, start_date, course_id)
values (21, 6, 'Simonis Inc', '2022-12-22', 29);
insert into groups (id, capacity, name, start_date, course_id)
values (22, 5, 'Wisoky, Hartmann and D''Amore', '2022-08-07', 5);
insert into groups (id, capacity, name, start_date, course_id)
values (23, 6, 'Braun LLC', '2022-06-26', 36);
insert into groups (id, capacity, name, start_date, course_id)
values (24, 2, 'Fritsch-Stiedemann', '2022-02-20', 6);
insert into groups (id, capacity, name, start_date, course_id)
values (25, 3, 'Fadel, Heller and Murray', '2023-01-11', 7);
insert into groups (id, capacity, name, start_date, course_id)
values (26, 3, 'Reinger and Sons', '2022-01-20', 38);
insert into groups (id, capacity, name, start_date, course_id)
values (27, 3, 'Schamberger, Corkery and Davis', '2022-11-24', 20);
insert into groups (id, capacity, name, start_date, course_id)
values (28, 4, 'Keeling Group', '2022-01-25', 35);
insert into groups (id, capacity, name, start_date, course_id)
values (29, 7, 'Collins Inc', '2022-03-28', 6);
insert into groups (id, capacity, name, start_date, course_id)
values (30, 5, 'Zieme, Hessel and Hand', '2022-09-15', 40);
insert into groups (id, capacity, name, start_date, course_id)
values (31, 2, 'Ankunding-Schneider', '2022-12-04', 44);
insert into groups (id, capacity, name, start_date, course_id)
values (32, 5, 'Bailey-Funk', '2022-04-01', 4);
insert into groups (id, capacity, name, start_date, course_id)
values (33, 2, 'Orn Group', '2022-02-10', 25);
insert into groups (id, capacity, name, start_date, course_id)
values (34, 2, 'Cummings, Hermiston and Parisian', '2022-03-21', 21);
insert into groups (id, capacity, name, start_date, course_id)
values (35, 7, 'Schmidt, Kessler and Price', '2022-11-25', 29);
insert into groups (id, capacity, name, start_date, course_id)
values (36, 6, 'Johns-Smith', '2022-07-17', 26);
insert into groups (id, capacity, name, start_date, course_id)
values (37, 7, 'Hills, Bergnaum and Lowe', '2023-01-06', 38);
insert into groups (id, capacity, name, start_date, course_id)
values (38, 2, 'McDermott and Sons', '2023-01-03', 43);
insert into groups (id, capacity, name, start_date, course_id)
values (39, 2, 'Gleichner, Boehm and Johns', '2023-01-11', 7);
insert into groups (id, capacity, name, start_date, course_id)
values (40, 7, 'Luettgen, Stiedemann and Gottlieb', '2022-12-24', 19);
insert into groups (id, capacity, name, start_date, course_id)
values (41, 8, 'Rowe, Kunde and Dickinson', '2022-01-03', 15);
insert into groups (id, capacity, name, start_date, course_id)
values (42, 4, 'Padberg LLC', '2022-11-06', 34);
insert into groups (id, capacity, name, start_date, course_id)
values (43, 6, 'Powlowski LLC', '2022-10-20', 10);
insert into groups (id, capacity, name, start_date, course_id)
values (44, 8, 'DuBuque, Frami and Dibbert', '2022-07-25', 8);
insert into groups (id, capacity, name, start_date, course_id)
values (45, 5, 'D''Amore, Kuhlman and Mitchell', '2023-01-24', 26);
insert into groups (id, capacity, name, start_date, course_id)
values (46, 8, 'Cruickshank-O''Hara', '2023-01-14', 33);
insert into groups (id, capacity, name, start_date, course_id)
values (47, 7, 'Feeney-Kunde', '2022-12-30', 24);
insert into groups (id, capacity, name, start_date, course_id)
values (48, 4, 'Welch, Collins and Kihn', '2022-10-09', 19);
insert into groups (id, capacity, name, start_date, course_id)
values (49, 3, 'Medhurst-Gleason', '2022-12-12', 12);
insert into groups (id, capacity, name, start_date, course_id)
values (50, 5, 'Huel, Little and Pacocha', '2022-02-12', 46);

-- Inserting users into users table

insert into users (id, account_card, about, email, first_name, last_name, role, password)
values (1, '4041377234034',
        'in magna bibendum imperdiet nullam orci pede venenatis non sodales sed tincidunt eu felis fusce posuere felis',
        'pworters0@unicef.org', 'Peri', 'Worters',
        'USER', 'L0fKqFvNc');
insert into users (id, account_card, about, email, first_name, last_name, role, password)
values (2, '4041373489714802',
        'interdum eu tincidunt in leo maecenas pulvinar lobortis est phasellus sit amet erat nulla tempus vivamus in',
        'djanuszewski1@nationalgeographic.com', 'Drusy', 'Januszewski',
        'USER', 'dcXsDqA');
insert into users (id, account_card, about, email, first_name, last_name, role, password)
values (3, '4017950595264',
        'quisque id justo sit amet sapien dignissim vestibulum vestibulum ante ipsum primis in faucibus orci luctus et ultrices posuere',
        'mritchman2@issuu.com', 'Mommy', 'Ritchman',
        'USER', 'H9mRVjyFq');
insert into users (id, account_card, about, email, first_name, last_name, role, password)
values (4, '4041379172021025',
        'libero ut massa volutpat convallis morbi odio odio elementum eu interdum eu tincidunt in leo maecenas pulvinar lobortis',
        'kpagel3@nationalgeographic.com', 'Korella', 'Pagel',
        'USER', 'sUOFQf6XY6');
insert into users (id, account_card, about, email, first_name, last_name, role, password)
values (5, '4041379087192457',
        'nisi nam ultrices libero non mattis pulvinar nulla pede ullamcorper augue a suscipit nulla elit ac nulla sed',
        'kromeril4@blogs.com', 'Karola', 'Romeril',
        'USER', 'ODNOeuK3yNH');
insert into users (id, account_card, about, email, first_name, last_name, role, password)
values (6, '4041596819399981', 'augue vel accumsan tellus nisi eu orci mauris lacinia sapien quis',
        'rnewman5@plala.or.jp', 'Ruy', 'Newman',
        'USER', 'pY763iG');
insert into users (id, account_card, about, email, first_name, last_name, role, password)
values (7, '4041370894750',
        'massa tempor convallis nulla neque libero convallis eget eleifend luctus ultricies eu nibh quisque id justo sit amet sapien dignissim',
        'ajarvie6@exblog.jp', 'Ardenia', 'Jarvie',
        'USER', 'IJZhiIERhy');
insert into users (id, account_card, about, email, first_name, last_name, role, password)
values (8, '4041370000085597',
        'molestie nibh in lectus pellentesque at nulla suspendisse potenti cras in purus eu magna vulputate luctus cum sociis natoque penatibus',
        'mchuter7@usatoday.com', 'Mark', 'Chuter',
        'USER', 'BNajZkx8Jo');
insert into users (id, account_card, about, email, first_name, last_name, role, password)
values (9, '4041379935539', 'arcu sed augue aliquam erat volutpat in congue etiam justo', 'tralestone8@wordpress.org',
        'Tawnya', 'Ralestone',
        'USER',
        '0PSoXvC2u3lE');
insert into users (id, account_card, about, email, first_name, last_name, role, password)
values (10, '4041594613527493',
        'fusce posuere felis sed lacus morbi sem mauris laoreet ut rhoncus aliquet pulvinar sed nisl nunc rhoncus dui',
        'nrushby9@wordpress.com', 'Nalani', 'Rushby',
        'USER', 'x6D0VjRfd');
insert into users (id, account_card, about, email, first_name, last_name, role, password)
values (11, '4041370296063', 'felis donec semper sapien a libero nam dui proin leo', 'clebruma@gizmodo.com', 'Cherice',
        'Le Brum', 'USER',
        '0CI9Ie');
insert into users (id, account_card, about, email, first_name, last_name, role, password)
values (12, '4041597932986027',
        'vestibulum sed magna at nunc commodo placerat praesent blandit nam nulla integer pede justo lacinia eget tincidunt eget tempus vel',
        'ltimbrellb@earthlink.net', 'Lebbie', 'Timbrell',
        'USER', '3wXP8dcK');
insert into users (id, account_card, about, email, first_name, last_name, role, password)
values (13, '4041592191332',
        'parturient montes nascetur ridiculus mus vivamus vestibulum sagittis sapien cum sociis natoque penatibus',
        'craccioc@ovh.net', 'Cloe', 'Raccio',
        'USER', 'RhBvIGT');
insert into users (id, account_card, about, email, first_name, last_name, role, password)
values (14, '4041596910161678',
        'pretium nisl ut volutpat sapien arcu sed augue aliquam erat volutpat in congue etiam justo etiam pretium iaculis justo in',
        'cgombyd@surveymonkey.com', 'Cate', 'Gomby',
        'USER', 'ByTCGvD3');
insert into users (id, account_card, about, email, first_name, last_name, role, password)
values (15, '4041370243693',
        'volutpat sapien arcu sed augue aliquam erat volutpat in congue etiam justo etiam pretium iaculis',
        'gsquirrelle@goodreads.com', 'Gretal', 'Squirrell',
        'USER', '3wi9koiawe');
insert into users (id, account_card, about, email, first_name, last_name, role, password)
values (16, '4041370196420',
        'vestibulum ante ipsum primis in faucibus orci luctus et ultrices posuere cubilia curae mauris',
        'ahalledayf@ft.com', 'Adriano', 'Halleday',
        'USER', 'tiwdqqH4P');
insert into users (id, account_card, about, email, first_name, last_name, role, password)
values (17, '4041373967454',
        'augue vel accumsan tellus nisi eu orci mauris lacinia sapien quis libero nullam sit amet turpis elementum ligula vehicula consequat',
        'lisardg@slideshare.net', 'Les', 'Isard',
        'USER', 'tP2toL');
insert into users (id, account_card, about, email, first_name, last_name, role, password)
values (18, '4764733176884',
        'orci luctus et ultrices posuere cubilia curae mauris viverra diam vitae quam suspendisse potenti nullam',
        'santyukhinh@wired.com', 'Skipp', 'Antyukhin',
        'USER', 'WRzm2rvE');
insert into users (id, account_card, about, email, first_name, last_name, role, password)
values (19, '4017959286154',
        'tempus sit amet sem fusce consequat nulla nisl nunc nisl duis bibendum felis sed interdum venenatis',
        'feldertoni@reference.com', 'Fidel', 'Elderton',
        'USER', 'odWVmlqi8Z');
insert into users (id, account_card, about, email, first_name, last_name, role, password)
values (20, '4041370939358669', 'nisl venenatis lacinia aenean sit amet justo morbi ut odio',
        'hgreenacrej@prnewswire.com', 'Helge', 'Greenacre',
        'USER',
        'aty50BvRmhin');
insert into users (id, account_card, about, email, first_name, last_name, role, password)
values (21, '4017957143845', 'non quam nec dui luctus rutrum nulla tellus in sagittis dui vel nisl duis',
        'plaverenzk@e-recht24.de', 'Pierre', 'Laverenz',
        'USER', 'KgDgBrGN');
insert into users (id, account_card, about, email, first_name, last_name, role, password)
values (22, '4791916489099',
        'potenti nullam porttitor lacus at turpis donec posuere metus vitae ipsum aliquam non mauris',
        'caisthorpel@buzzfeed.com', 'Cass', 'Aisthorpe',
        'USER', 'ij36KxrBS');
insert into users (id, account_card, about, email, first_name, last_name, role, password)
values (23, '4041591223086',
        'sem praesent id massa id nisl venenatis lacinia aenean sit amet justo morbi ut odio cras mi pede malesuada',
        'naleksidzem@globo.com', 'Nick', 'Aleksidze',
        'USER',
        '4Kh2XD5toSu7');
insert into users (id, account_card, about, email, first_name, last_name, role, password)
values (24, '4041595557947274',
        'condimentum neque sapien placerat ante nulla justo aliquam quis turpis eget elit sodales scelerisque',
        'dbartoszekn@state.gov', 'Daisy', 'Bartoszek',
        'USER', '53ogKOl');
insert into users (id, account_card, about, email, first_name, last_name, role, password)
values (25, '4041377637772',
        'molestie sed justo pellentesque viverra pede ac diam cras pellentesque volutpat dui maecenas tristique est',
        'pmarneyo@berkeley.edu', 'Pauly', 'Marney',
        'USER', 'QiLp767Rnq6');
insert into users (id, account_card, about, email, first_name, last_name, role, password)
values (26, '4041372908020',
        'convallis nunc proin at turpis a pede posuere nonummy integer non velit donec diam neque vestibulum eget vulputate',
        'yzanazzip@ning.com', 'Yasmin', 'Zanazzi',
        'USER', 'fTZebAu3');
insert into users (id, account_card, about, email, first_name, last_name, role, password)
values (27, '4041594805348252', 'nunc viverra dapibus nulla suscipit ligula in lacus curabitur at ipsum ac tellus',
        'nlewendonq@latimes.com', 'Niles', 'Lewendon',
        'USER',
        'cne4axR4VxxD');
insert into users (id, account_card, about, email, first_name, last_name, role, password)
values (28, '4407080660704381',
        'volutpat eleifend donec ut dolor morbi vel lectus in quam fringilla rhoncus mauris enim leo rhoncus sed vestibulum sit',
        'epriggr@1und1.de', 'Edee', 'Prigg',
        'USER', 'XezrXJMdOee');
insert into users (id, account_card, about, email, first_name, last_name, role, password)
values (29, '4041591064043',
        'ultrices libero non mattis pulvinar nulla pede ullamcorper augue a suscipit nulla elit ac', 'ggumbs@wisc.edu',
        'Gabbi', 'Gumb',
        'USER', '12NLjg');
insert into users (id, account_card, about, email, first_name, last_name, role, password)
values (30, '4041598516363708',
        'nunc donec quis orci eget orci vehicula condimentum curabitur in libero ut massa volutpat convallis morbi',
        'eeytont@noaa.gov', 'Ellsworth', 'Eyton',
        'USER', 'kWV4nxHBXgk');
insert into users (id, account_card, about, email, first_name, last_name, role, password)
values (31, '4816950868256852', 'nulla dapibus dolor vel est donec odio justo sollicitudin ut', 'gmatteacciu@yandex.ru',
        'Greggory', 'Matteacci',
        'USER', 'n3UNcPNI8mF');
insert into users (id, account_card, about, email, first_name, last_name, role, password)
values (32, '4041371449394178', 'et ultrices posuere cubilia curae donec pharetra magna vestibulum aliquet',
        'rtrazziv@unicef.org', 'Raina', 'Trazzi',
        'USER',
        'PhWR9nbQGsRn');
insert into users (id, account_card, about, email, first_name, last_name, role, password)
values (33, '4041591622436',
        'eget tincidunt eget tempus vel pede morbi porttitor lorem id ligula suspendisse ornare consequat lectus in est risus auctor sed',
        'ttryhornw@xrea.com', 'Trent', 'Tryhorn',
        'USER', '64kFmodNA');
insert into users (id, account_card, about, email, first_name, last_name, role, password)
values (34, '4041599268141', 'nisl nunc rhoncus dui vel sem sed sagittis nam congue', 'bdallemorex@answers.com', 'Bill',
        'Dallemore', 'USER',
        'jyvwC6');
insert into users (id, account_card, about, email, first_name, last_name, role, password)
values (35, '4017954958677131', 'hac habitasse platea dictumst morbi vestibulum velit id pretium iaculis',
        'kjohannesy@businessweek.com', 'Ketty', 'Johannes',
        'USER', '6KOEvHFV');
insert into users (id, account_card, about, email, first_name, last_name, role, password)
values (36, '4490733719569902',
        'nisi vulputate nonummy maecenas tincidunt lacus at velit vivamus vel nulla eget eros elementum pellentesque',
        'ndavenellz@dell.com', 'Natalya', 'Davenell',
        'USER', '2lbeTZVM');
insert into users (id, account_card, about, email, first_name, last_name, role, password)
values (37, '4219305208995',
        'rutrum rutrum neque aenean auctor gravida sem praesent id massa id nisl venenatis lacinia aenean',
        'ggwillim10@shop-pro.jp', 'Germaine', 'Gwillim',
        'USER', 'n2C4A6H');
insert into users (id, account_card, about, email, first_name, last_name, role, password)
values (38, '4017957591092', 'eget massa tempor convallis nulla neque libero convallis eget eleifend luctus',
        'mrosenbarg11@squidoo.com', 'Misti', 'Rosenbarg',
        'USER', '5kkEUH40gdc');
insert into users (id, account_card, about, email, first_name, last_name, role, password)
values (39, '4017955879896171',
        'habitasse platea dictumst maecenas ut massa quis augue luctus tincidunt nulla mollis molestie lorem quisque ut erat curabitur gravida',
        'asumshon12@ning.com', 'Alejandra', 'Sumshon',
        'USER', 'aJLebFH8mB');
insert into users (id, account_card, about, email, first_name, last_name, role, password)
values (40, '4041378288832598', 'mauris viverra diam vitae quam suspendisse potenti nullam porttitor lacus at',
        'pnorth13@mit.edu', 'Paulina', 'North',
        'USER', 'N4y6j7c');
insert into users (id, account_card, about, email, first_name, last_name, role, password)
values (41, '4781914415188', 'suscipit ligula in lacus curabitur at ipsum ac tellus semper interdum',
        'brozycki14@indiegogo.com', 'Brittany', 'Rozycki',
        'USER',
        'ULeUeR4KyKFz');
insert into users (id, account_card, about, email, first_name, last_name, role, password)
values (42, '4041599267978',
        'diam id ornare imperdiet sapien urna pretium nisl ut volutpat sapien arcu sed augue aliquam erat volutpat in congue etiam',
        'mdefond15@usda.gov', 'Morten', 'Defond',
        'USER', 'ECWkgxE');
insert into users (id, account_card, about, email, first_name, last_name, role, password)
values (43, '4041373995208331',
        'tellus nisi eu orci mauris lacinia sapien quis libero nullam sit amet turpis elementum', 'dbramo16@google.nl',
        'Dory', 'Bramo',
        'USER', 'uEGYYwBtdj');
insert into users (id, account_card, about, email, first_name, last_name, role, password)
values (44, '4041372378091', 'tellus nisi eu orci mauris lacinia sapien quis libero nullam sit amet',
        'sesmond17@arizona.edu', 'Sari', 'Esmond',
        'USER',
        'VtPA26pYAI9k');
insert into users (id, account_card, about, email, first_name, last_name, role, password)
values (45, '4041373531450140',
        'quam turpis adipiscing lorem vitae mattis nibh ligula nec sem duis aliquam convallis nunc proin at turpis a pede',
        'berskin18@dell.com', 'Brewer', 'Erskin',
        'USER', 'O1zbNY');
insert into users (id, account_card, about, email, first_name, last_name, role, password)
values (46, '4659660742031',
        'libero nullam sit amet turpis elementum ligula vehicula consequat morbi a ipsum integer a nibh in quis justo',
        'lkidston19@sohu.com', 'Lorita', 'Kidston',
        'USER', 'anvqCEs5j');
insert into users (id, account_card, about, email, first_name, last_name, role, password)
values (47, '4041378884456',
        'orci luctus et ultrices posuere cubilia curae nulla dapibus dolor vel est donec odio justo sollicitudin ut suscipit',
        'jthorold1a@topsy.com', 'Jeffy', 'Thorold',
        'USER', 'cEEfaT8');
insert into users (id, account_card, about, email, first_name, last_name, role, password)
values (48, '4055547469551',
        'consequat nulla nisl nunc nisl duis bibendum felis sed interdum venenatis turpis enim blandit mi in porttitor pede justo eu',
        'djecks1b@google.com', 'Dorisa', 'Jecks',
        'USER', 'Kd3NhwqrD');
insert into users (id, account_card, about, email, first_name, last_name, role, password)
values (49, '4017959369360607', 'ullamcorper purus sit amet nulla quisque arcu libero rutrum ac',
        'emullett1c@toplist.cz', 'Elysha', 'Mullett',
        'USER', 'lJfINNjKX');
insert into users (id, account_card, about, email, first_name, last_name, role, password)
values (50, '4041377101432156',
        'libero nullam sit amet turpis elementum ligula vehicula consequat morbi a ipsum integer a nibh in quis',
        'fklain1d@umich.edu', 'Forrest', 'Klain',
        'USER', 'AHYhfy');

-- Inserting certificates into certificates table

insert into certificates (id, name, course_id, user_id)
values (1, 'Conn Group', 16, 1);
insert into certificates (id, name, course_id, user_id)
values (2, 'Hessel, Sauer and Koch', 27, 2);
insert into certificates (id, name, course_id, user_id)
values (3, 'Torphy-Romaguera', 17, 29);
insert into certificates (id, name, course_id, user_id)
values (4, 'Labadie LLC', 32, 43);
insert into certificates (id, name, course_id, user_id)
values (5, 'Pfannerstill, O''Keefe and Greenfelder', 2, 35);
insert into certificates (id, name, course_id, user_id)
values (6, 'Wehner Group', 24, 35);
insert into certificates (id, name, course_id, user_id)
values (7, 'Morissette, Kuhic and Padberg', 16, 49);
insert into certificates (id, name, course_id, user_id)
values (8, 'Schneider LLC', 37, 46);
insert into certificates (id, name, course_id, user_id)
values (9, 'Larson, Bergnaum and Beier', 20, 10);
insert into certificates (id, name, course_id, user_id)
values (10, 'Funk Inc', 31, 26);
insert into certificates (id, name, course_id, user_id)
values (11, 'Halvorson, Kuvalis and Okuneva', 13, 2);
insert into certificates (id, name, course_id, user_id)
values (12, 'Littel, Schowalter and Buckridge', 26, 30);
insert into certificates (id, name, course_id, user_id)
values (13, 'Bergstrom Group', 23, 10);
insert into certificates (id, name, course_id, user_id)
values (14, 'Lubowitz Inc', 35, 22);
insert into certificates (id, name, course_id, user_id)
values (15, 'Leannon-Leuschke', 22, 18);
insert into certificates (id, name, course_id, user_id)
values (16, 'Wyman-Abbott', 2, 4);
insert into certificates (id, name, course_id, user_id)
values (17, 'Herman, Mertz and Fahey', 11, 23);
insert into certificates (id, name, course_id, user_id)
values (18, 'Kautzer, Kunde and Rosenbaum', 28, 29);
insert into certificates (id, name, course_id, user_id)
values (19, 'Ernser, Wehner and Purdy', 38, 14);
insert into certificates (id, name, course_id, user_id)
values (20, 'Veum, Bernier and Abbott', 19, 42);
insert into certificates (id, name, course_id, user_id)
values (21, 'Sawayn-Emmerich', 10, 38);
insert into certificates (id, name, course_id, user_id)
values (22, 'Kihn, Padberg and Parisian', 13, 32);
insert into certificates (id, name, course_id, user_id)
values (23, 'Kassulke, Stokes and Deckow', 45, 4);
insert into certificates (id, name, course_id, user_id)
values (24, 'Pagac Inc', 13, 14);
insert into certificates (id, name, course_id, user_id)
values (25, 'Reichert-Carroll', 23, 26);
insert into certificates (id, name, course_id, user_id)
values (26, 'Shields-Jerde', 47, 43);
insert into certificates (id, name, course_id, user_id)
values (27, 'Weissnat-Upton', 7, 38);
insert into certificates (id, name, course_id, user_id)
values (28, 'McKenzie-Schumm', 36, 7);
insert into certificates (id, name, course_id, user_id)
values (29, 'Harris-Anderson', 49, 4);
insert into certificates (id, name, course_id, user_id)
values (30, 'Kilback Group', 34, 21);
insert into certificates (id, name, course_id, user_id)
values (31, 'Wuckert, Stark and Nikolaus', 32, 33);
insert into certificates (id, name, course_id, user_id)
values (32, 'Dibbert, Baumbach and Nolan', 42, 46);
insert into certificates (id, name, course_id, user_id)
values (33, 'Pollich and Sons', 27, 40);
insert into certificates (id, name, course_id, user_id)
values (34, 'Boehm, Rogahn and Parisian', 44, 16);
insert into certificates (id, name, course_id, user_id)
values (35, 'Nienow-Cruickshank', 18, 19);
insert into certificates (id, name, course_id, user_id)
values (36, 'Jast-Hessel', 40, 47);
insert into certificates (id, name, course_id, user_id)
values (37, 'Bechtelar-Stiedemann', 36, 5);
insert into certificates (id, name, course_id, user_id)
values (38, 'Hermann and Sons', 13, 25);
insert into certificates (id, name, course_id, user_id)
values (39, 'Bartell-Hodkiewicz', 33, 11);
insert into certificates (id, name, course_id, user_id)
values (40, 'Koepp LLC', 20, 29);
insert into certificates (id, name, course_id, user_id)
values (41, 'McGlynn-Shanahan', 35, 40);
insert into certificates (id, name, course_id, user_id)
values (42, 'Kulas-Glover', 3, 48);
insert into certificates (id, name, course_id, user_id)
values (43, 'Nienow-Deckow', 42, 32);
insert into certificates (id, name, course_id, user_id)
values (44, 'Ankunding LLC', 38, 31);
insert into certificates (id, name, course_id, user_id)
values (45, 'Swaniawski, Brakus and Braun', 1, 32);
insert into certificates (id, name, course_id, user_id)
values (46, 'Roberts Group', 33, 24);
insert into certificates (id, name, course_id, user_id)
values (47, 'Kutch, McClure and Quigley', 37, 27);
insert into certificates (id, name, course_id, user_id)
values (48, 'Feeney-Boehm', 21, 6);
insert into certificates (id, name, course_id, user_id)
values (49, 'Hickle, Bechtelar and Schmidt', 39, 36);
insert into certificates (id, name, course_id, user_id)
values (50, 'Medhurst Inc', 35, 18);


-- Inserting user_course into user_course table

insert into user_course (course_id, user_id, course_status, is_author)
values (1, 46, 5, true);
insert into user_course (course_id, user_id, course_status, is_author)
values (2, 29, 14, false);
insert into user_course (course_id, user_id, course_status, is_author)
values (3, 11, 1, true);
insert into user_course (course_id, user_id, course_status, is_author)
values (4, 46, 16, true);
insert into user_course (course_id, user_id, course_status, is_author)
values (5, 38, 20, true);
insert into user_course (course_id, user_id, course_status, is_author)
values (6, 36, 10, false);
insert into user_course (course_id, user_id, course_status, is_author)
values (7, 34, 2, false);
insert into user_course (course_id, user_id, course_status, is_author)
values (8, 23, 6, true);
insert into user_course (course_id, user_id, course_status, is_author)
values (9, 38, 17, false);
insert into user_course (course_id, user_id, course_status, is_author)
values (10, 25, 10, true);
insert into user_course (course_id, user_id, course_status, is_author)
values (11, 47, 10, false);
insert into user_course (course_id, user_id, course_status, is_author)
values (12, 46, 16, true);
insert into user_course (course_id, user_id, course_status, is_author)
values (13, 42, 9, false);
insert into user_course (course_id, user_id, course_status, is_author)
values (14, 25, 8, true);
insert into user_course (course_id, user_id, course_status, is_author)
values (15, 48, 17, false);
insert into user_course (course_id, user_id, course_status, is_author)
values (16, 23, 20, false);
insert into user_course (course_id, user_id, course_status, is_author)
values (17, 37, 17, true);
insert into user_course (course_id, user_id, course_status, is_author)
values (18, 39, 2, true);
insert into user_course (course_id, user_id, course_status, is_author)
values (19, 46, 20, true);
insert into user_course (course_id, user_id, course_status, is_author)
values (20, 36, 17, true);
insert into user_course (course_id, user_id, course_status, is_author)
values (21, 12, 19, false);
insert into user_course (course_id, user_id, course_status, is_author)
values (22, 24, 15, false);
insert into user_course (course_id, user_id, course_status, is_author)
values (23, 45, 10, true);
insert into user_course (course_id, user_id, course_status, is_author)
values (24, 10, 10, false);
insert into user_course (course_id, user_id, course_status, is_author)
values (25, 33, 12, false);
insert into user_course (course_id, user_id, course_status, is_author)
values (26, 43, 1, true);
insert into user_course (course_id, user_id, course_status, is_author)
values (27, 39, 15, true);
insert into user_course (course_id, user_id, course_status, is_author)
values (28, 42, 16, true);
insert into user_course (course_id, user_id, course_status, is_author)
values (29, 9, 2, false);
insert into user_course (course_id, user_id, course_status, is_author)
values (30, 24, 5, false);
insert into user_course (course_id, user_id, course_status, is_author)
values (31, 28, 8, true);
insert into user_course (course_id, user_id, course_status, is_author)
values (32, 19, 7, true);
insert into user_course (course_id, user_id, course_status, is_author)
values (33, 5, 4, true);
insert into user_course (course_id, user_id, course_status, is_author)
values (34, 9, 6, false);
insert into user_course (course_id, user_id, course_status, is_author)
values (35, 32, 4, false);
insert into user_course (course_id, user_id, course_status, is_author)
values (36, 22, 17, true);
insert into user_course (course_id, user_id, course_status, is_author)
values (37, 29, 4, true);
insert into user_course (course_id, user_id, course_status, is_author)
values (38, 49, 17, true);
insert into user_course (course_id, user_id, course_status, is_author)
values (39, 33, 9, false);
insert into user_course (course_id, user_id, course_status, is_author)
values (40, 38, 16, true);
insert into user_course (course_id, user_id, course_status, is_author)
values (41, 12, 17, true);
insert into user_course (course_id, user_id, course_status, is_author)
values (42, 35, 4, true);
insert into user_course (course_id, user_id, course_status, is_author)
values (43, 42, 14, false);
insert into user_course (course_id, user_id, course_status, is_author)
values (44, 19, 12, true);
insert into user_course (course_id, user_id, course_status, is_author)
values (45, 45, 9, true);
insert into user_course (course_id, user_id, course_status, is_author)
values (46, 34, 14, false);
insert into user_course (course_id, user_id, course_status, is_author)
values (47, 20, 5, true);
insert into user_course (course_id, user_id, course_status, is_author)
values (48, 39, 7, true);
insert into user_course (course_id, user_id, course_status, is_author)
values (49, 16, 5, true);
insert into user_course (course_id, user_id, course_status, is_author)
values (50, 24, 20, true);

-- Inserting users_groups into users_groups table

insert into users_groups (group_id, user_id)
values (10, 4);
insert into users_groups (group_id, user_id)
values (20, 5);
insert into users_groups (group_id, user_id)
values (8, 50);
insert into users_groups (group_id, user_id)
values (27, 10);
insert into users_groups (group_id, user_id)
values (23, 26);
insert into users_groups (group_id, user_id)
values (19, 24);
insert into users_groups (group_id, user_id)
values (9, 49);
insert into users_groups (group_id, user_id)
values (38, 30);
insert into users_groups (group_id, user_id)
values (35, 35);
insert into users_groups (group_id, user_id)
values (11, 22);
insert into users_groups (group_id, user_id)
values (46, 27);
insert into users_groups (group_id, user_id)
values (31, 40);
insert into users_groups (group_id, user_id)
values (1, 15);
insert into users_groups (group_id, user_id)
values (48, 50);
insert into users_groups (group_id, user_id)
values (20, 26);
insert into users_groups (group_id, user_id)
values (2, 3);
insert into users_groups (group_id, user_id)
values (45, 27);
insert into users_groups (group_id, user_id)
values (10, 11);
insert into users_groups (group_id, user_id)
values (35, 10);
insert into users_groups (group_id, user_id)
values (31, 48);
insert into users_groups (group_id, user_id)
values (14, 41);
insert into users_groups (group_id, user_id)
values (31, 23);
insert into users_groups (group_id, user_id)
values (5, 31);
insert into users_groups (group_id, user_id)
values (35, 41);
insert into users_groups (group_id, user_id)
values (15, 40);
insert into users_groups (group_id, user_id)
values (7, 35);
insert into users_groups (group_id, user_id)
values (7, 50);
insert into users_groups (group_id, user_id)
values (12, 11);
insert into users_groups (group_id, user_id)
values (24, 17);
insert into users_groups (group_id, user_id)
values (45, 32);
insert into users_groups (group_id, user_id)
values (7, 18);
insert into users_groups (group_id, user_id)
values (34, 17);
insert into users_groups (group_id, user_id)
values (10, 9);
insert into users_groups (group_id, user_id)
values (37, 41);
insert into users_groups (group_id, user_id)
values (50, 9);
insert into users_groups (group_id, user_id)
values (31, 18);
insert into users_groups (group_id, user_id)
values (35, 15);
insert into users_groups (group_id, user_id)
values (26, 22);
insert into users_groups (group_id, user_id)
values (29, 47);
insert into users_groups (group_id, user_id)
values (16, 8);
insert into users_groups (group_id, user_id)
values (13, 16);
insert into users_groups (group_id, user_id)
values (18, 43);
insert into users_groups (group_id, user_id)
values (16, 16);
insert into users_groups (group_id, user_id)
values (23, 34);
insert into users_groups (group_id, user_id)
values (30, 21);
insert into users_groups (group_id, user_id)
values (15, 44);
insert into users_groups (group_id, user_id)
values (30, 49);
insert into users_groups (group_id, user_id)
values (21, 8);
insert into users_groups (group_id, user_id)
values (30, 19);
insert into users_groups (group_id, user_id)
values (49, 20);
