-- Inserting tags into tags table

insert into tags (id, name)
values (1, 'consectetuer');
insert into tags (id, name)
values (2, 'lacinia nisi');
insert into tags (id, name)
values (3, 'congue etiam');
insert into tags (id, name)
values (4, 'morbi ut');
insert into tags (id, name)
values (5, 'id ornare');
insert into tags (id, name)
values (6, 'quis');
insert into tags (id, name)
values (7, 'nec nisi');
insert into tags (id, name)
values (8, 'purus');
insert into tags (id, name)
values (9, 'commodo');
insert into tags (id, name)
values (10, 'ac');
insert into tags (id, name)
values (11, 'proin eu');
insert into tags (id, name)
values (12, 'metus vitae');
insert into tags (id, name)
values (13, 'sollicitudin mi');
insert into tags (id, name)
values (14, 'praesent');
insert into tags (id, name)
values (15, 'aliquam quis');
insert into tags (id, name)
values (16, 'sollicitudin');
insert into tags (id, name)
values (17, 'integer');
insert into tags (id, name)
values (18, 'augue');
insert into tags (id, name)
values (19, 'metus sapien');
insert into tags (id, name)
values (20, 'vel');
insert into tags (id, name)
values (21, 'scelerisque quam');
insert into tags (id, name)
values (22, 'habitasse platea');
insert into tags (id, name)
values (23, 'dapibus');
insert into tags (id, name)
values (24, 'neque');
insert into tags (id, name)
values (25, 'cras mi');
insert into tags (id, name)
values (26, 'dapibus nulla');
insert into tags (id, name)
values (27, 'ultrices');
insert into tags (id, name)
values (28, 'augue');
insert into tags (id, name)
values (29, 'nec');
insert into tags (id, name)
values (30, 'bibendum morbi');
insert into tags (id, name)
values (31, 'sit amet');
insert into tags (id, name)
values (32, 'sapien in');
insert into tags (id, name)
values (33, 'eget');
insert into tags (id, name)
values (34, 'ligula');
insert into tags (id, name)
values (35, 'in');
insert into tags (id, name)
values (36, 'potenti');
insert into tags (id, name)
values (37, 'sit');
insert into tags (id, name)
values (38, 'luctus et');
insert into tags (id, name)
values (39, 'nulla');
insert into tags (id, name)
values (40, 'imperdiet');
insert into tags (id, name)
values (41, 'nascetur');
insert into tags (id, name)
values (42, 'etiam');
insert into tags (id, name)
values (43, 'mi');
insert into tags (id, name)
values (44, 'at');
insert into tags (id, name)
values (45, 'augue');
insert into tags (id, name)
values (46, 'luctus et');
insert into tags (id, name)
values (47, 'tempor');
insert into tags (id, name)
values (48, 'donec semper');
insert into tags (id, name)
values (49, 'auctor sed');
insert into tags (id, name)
values (50, 'sit amet');


-- Inserting certificates into certificates table

insert into certificates (id, name, user_id)
values (1, 'nonummy integer', 10);
insert into certificates (id, name, user_id)
values (2, 'platea dictumst maecenas', 22);
insert into certificates (id, name, user_id)
values (3, 'pede justo', 47);
insert into certificates (id, name, user_id)
values (4, 'mi integer ac', 11);
insert into certificates (id, name, user_id)
values (5, 'vitae nisi', 8);
insert into certificates (id, name, user_id)
values (6, 'morbi ut', 16);
insert into certificates (id, name, user_id)
values (7, 'convallis duis consequat', 48);
insert into certificates (id, name, user_id)
values (8, 'felis eu sapien', 36);
insert into certificates (id, name, user_id)
values (9, 'ac est', 26);
insert into certificates (id, name, user_id)
values (10, 'donec quis orci', 12);
insert into certificates (id, name, user_id)
values (11, 'viverra pede ac', 22);
insert into certificates (id, name, user_id)
values (12, 'condimentum neque', 25);
insert into certificates (id, name, user_id)
values (13, 'rhoncus dui', 50);
insert into certificates (id, name, user_id)
values (14, 'dolor morbi', 26);
insert into certificates (id, name, user_id)
values (15, 'condimentum id', 2);
insert into certificates (id, name, user_id)
values (16, 'proin risus', 23);
insert into certificates (id, name, user_id)
values (17, 'dolor quis', 44);
insert into certificates (id, name, user_id)
values (18, 'ipsum dolor', 8);
insert into certificates (id, name, user_id)
values (19, 'adipiscing elit', 46);
insert into certificates (id, name, user_id)
values (20, 'magna at nunc', 32);
insert into certificates (id, name, user_id)
values (21, 'vulputate luctus cum', 36);
insert into certificates (id, name, user_id)
values (22, 'faucibus accumsan odio', 18);
insert into certificates (id, name, user_id)
values (23, 'semper est', 35);
insert into certificates (id, name, user_id)
values (24, 'sapien cum', 43);
insert into certificates (id, name, user_id)
values (25, 'at ipsum', 8);
insert into certificates (id, name, user_id)
values (26, 'ligula pellentesque ultrices', 13);
insert into certificates (id, name, user_id)
values (27, 'vestibulum sed', 7);
insert into certificates (id, name, user_id)
values (28, 'orci mauris lacinia', 21);
insert into certificates (id, name, user_id)
values (29, 'dapibus at', 33);
insert into certificates (id, name, user_id)
values (30, 'pede morbi', 36);
insert into certificates (id, name, user_id)
values (31, 'ornare consequat', 16);
insert into certificates (id, name, user_id)
values (32, 'sapien cum sociis', 11);
insert into certificates (id, name, user_id)
values (33, 'justo nec', 35);
insert into certificates (id, name, user_id)
values (34, 'cum sociis', 27);
insert into certificates (id, name, user_id)
values (35, 'nunc commodo', 33);
insert into certificates (id, name, user_id)
values (36, 'massa id nisl', 17);
insert into certificates (id, name, user_id)
values (37, 'eros vestibulum', 2);
insert into certificates (id, name, user_id)
values (38, 'id lobortis convallis', 4);
insert into certificates (id, name, user_id)
values (39, 'eu sapien', 17);
insert into certificates (id, name, user_id)
values (40, 'turpis elementum', 38);
insert into certificates (id, name, user_id)
values (41, 'aliquam sit amet', 27);
insert into certificates (id, name, user_id)
values (42, 'ac enim', 40);
insert into certificates (id, name, user_id)
values (43, 'at lorem', 46);
insert into certificates (id, name, user_id)
values (44, 'ipsum primis', 41);
insert into certificates (id, name, user_id)
values (45, 'aliquam non mauris', 26);
insert into certificates (id, name, user_id)
values (46, 'nulla tellus', 20);
insert into certificates (id, name, user_id)
values (47, 'nisi volutpat', 28);
insert into certificates (id, name, user_id)
values (48, 'odio condimentum id', 31);
insert into certificates (id, name, user_id)
values (49, 'nam nulla', 3);
insert into certificates (id, name, user_id)
values (50, 'libero ut', 35);

-- Inserting modules into modules table

insert into modules (id, description, content, lesson_num, course_id)
values (1, 'nec sem', 'dignissim vestibulum vestibulum', 5, 22);
insert into modules (id, description, content, lesson_num, course_id)
values (2, 'leo odio condimentum', 'nulla nisl', 8, 26);
insert into modules (id, description, content, lesson_num, course_id)
values (3, 'mi integer', 'eu interdum', 8, 36);
insert into modules (id, description, content, lesson_num, course_id)
values (4, 'orci eget orci', 'in lacus curabitur', 4, 42);
insert into modules (id, description, content, lesson_num, course_id)
values (5, 'eleifend quam', 'hac habitasse', 9, 34);
insert into modules (id, description, content, lesson_num, course_id)
values (6, 'tincidunt in', 'justo sollicitudin ut', 20, 38);
insert into modules (id, description, content, lesson_num, course_id)
values (7, 'ipsum primis', 'elementum pellentesque quisque', 11, 47);
insert into modules (id, description, content, lesson_num, course_id)
values (8, 'in libero', 'lacus curabitur at', 8, 50);
insert into modules (id, description, content, lesson_num, course_id)
values (9, 'mi in porttitor', 'elementum nullam varius', 6, 27);
insert into modules (id, description, content, lesson_num, course_id)
values (10, 'nibh quisque', 'lobortis sapien', 14, 42);
insert into modules (id, description, content, lesson_num, course_id)
values (11, 'neque libero', 'montes nascetur ridiculus', 11, 8);
insert into modules (id, description, content, lesson_num, course_id)
values (12, 'metus sapien', 'fermentum donec ut', 17, 49);
insert into modules (id, description, content, lesson_num, course_id)
values (13, 'felis ut', 'odio consequat varius', 20, 23);
insert into modules (id, description, content, lesson_num, course_id)
values (14, 'posuere felis sed', 'lorem ipsum dolor', 13, 1);
insert into modules (id, description, content, lesson_num, course_id)
values (15, 'odio odio', 'non mattis pulvinar', 18, 20);
insert into modules (id, description, content, lesson_num, course_id)
values (16, 'pede morbi', 'venenatis lacinia', 7, 7);
insert into modules (id, description, content, lesson_num, course_id)
values (17, 'risus dapibus augue', 'non lectus', 14, 16);
insert into modules (id, description, content, lesson_num, course_id)
values (18, 'pulvinar nulla', 'felis fusce', 6, 17);
insert into modules (id, description, content, lesson_num, course_id)
values (19, 'at nibh', 'vestibulum ante', 6, 40);
insert into modules (id, description, content, lesson_num, course_id)
values (20, 'in hac', 'proin risus', 14, 1);
insert into modules (id, description, content, lesson_num, course_id)
values (21, 'morbi sem', 'erat vestibulum sed', 5, 31);
insert into modules (id, description, content, lesson_num, course_id)
values (22, 'hac habitasse platea', 'orci vehicula', 20, 19);
insert into modules (id, description, content, lesson_num, course_id)
values (23, 'vel nulla', 'volutpat convallis', 6, 27);
insert into modules (id, description, content, lesson_num, course_id)
values (24, 'ac enim', 'amet eros suspendisse', 11, 26);
insert into modules (id, description, content, lesson_num, course_id)
values (25, 'eu interdum eu', 'placerat praesent blandit', 9, 17);
insert into modules (id, description, content, lesson_num, course_id)
values (26, 'ipsum aliquam non', 'id nisl', 10, 36);
insert into modules (id, description, content, lesson_num, course_id)
values (27, 'lacinia sapien quis', 'nunc vestibulum ante', 6, 50);
insert into modules (id, description, content, lesson_num, course_id)
values (28, 'commodo placerat', 'eget elit', 6, 35);
insert into modules (id, description, content, lesson_num, course_id)
values (29, 'nisl venenatis', 'mauris eget', 15, 44);
insert into modules (id, description, content, lesson_num, course_id)
values (30, 'nisi vulputate nonummy', 'nulla suspendisse', 15, 20);
insert into modules (id, description, content, lesson_num, course_id)
values (31, 'sit amet', 'aliquet maecenas leo', 16, 13);
insert into modules (id, description, content, lesson_num, course_id)
values (32, 'vestibulum sit amet', 'morbi ut odio', 9, 17);
insert into modules (id, description, content, lesson_num, course_id)
values (33, 'turpis adipiscing lorem', 'nibh in', 17, 15);
insert into modules (id, description, content, lesson_num, course_id)
values (34, 'aliquet ultrices', 'nec molestie sed', 19, 24);
insert into modules (id, description, content, lesson_num, course_id)
values (35, 'montes nascetur ridiculus', 'porta volutpat erat', 5, 25);
insert into modules (id, description, content, lesson_num, course_id)
values (36, 'orci nullam', 'pulvinar nulla', 20, 17);
insert into modules (id, description, content, lesson_num, course_id)
values (37, 'sed lacus', 'lacinia erat', 20, 2);
insert into modules (id, description, content, lesson_num, course_id)
values (38, 'est et tempus', 'at dolor quis', 11, 28);
insert into modules (id, description, content, lesson_num, course_id)
values (39, 'bibendum felis', 'diam id', 9, 29);
insert into modules (id, description, content, lesson_num, course_id)
values (40, 'eleifend donec', 'nullam molestie nibh', 19, 6);
insert into modules (id, description, content, lesson_num, course_id)
values (41, 'porttitor id consequat', 'in leo', 19, 19);
insert into modules (id, description, content, lesson_num, course_id)
values (42, 'sapien iaculis congue', 'vitae ipsum', 20, 3);
insert into modules (id, description, content, lesson_num, course_id)
values (43, 'feugiat et eros', 'etiam vel augue', 19, 48);
insert into modules (id, description, content, lesson_num, course_id)
values (44, 'lobortis convallis tortor', 'iaculis justo in', 10, 5);
insert into modules (id, description, content, lesson_num, course_id)
values (45, 'amet eleifend pede', 'sit amet consectetuer', 7, 10);
insert into modules (id, description, content, lesson_num, course_id)
values (46, 'pede justo eu', 'est congue', 16, 23);
insert into modules (id, description, content, lesson_num, course_id)
values (47, 'mus vivamus vestibulum', 'nunc donec quis', 17, 42);
insert into modules (id, description, content, lesson_num, course_id)
values (48, 'nulla justo aliquam', 'non velit', 4, 39);
insert into modules (id, description, content, lesson_num, course_id)
values (49, 'proin leo odio', 'amet nunc viverra', 18, 34);
insert into modules (id, description, content, lesson_num, course_id)
values (50, 'erat nulla tempus', 'libero ut massa', 15, 43);

-- Inserting categories into categories table

insert into categories (id, category_name)
values (1, 'urna ut');
insert into categories (id, category_name)
values (2, 'ligula suspendisse');
insert into categories (id, category_name)
values (3, 'leo');
insert into categories (id, category_name)
values (4, 'posuere');
insert into categories (id, category_name)
values (5, 'viverra diam');
insert into categories (id, category_name)
values (6, 'dis');
insert into categories (id, category_name)
values (7, 'mattis');
insert into categories (id, category_name)
values (8, 'curae donec');
insert into categories (id, category_name)
values (9, 'mollis molestie');
insert into categories (id, category_name)
values (10, 'at dolor');
insert into categories (id, category_name)
values (11, 'nulla');
insert into categories (id, category_name)
values (12, 'integer');
insert into categories (id, category_name)
values (13, 'aliquet');
insert into categories (id, category_name)
values (14, 'nascetur');
insert into categories (id, category_name)
values (15, 'dictumst');
insert into categories (id, category_name)
values (16, 'justo');
insert into categories (id, category_name)
values (17, 'iaculis justo');
insert into categories (id, category_name)
values (18, 'libero ut');
insert into categories (id, category_name)
values (19, 'amet');
insert into categories (id, category_name)
values (20, 'congue etiam');
insert into categories (id, category_name)
values (21, 'tortor quis');
insert into categories (id, category_name)
values (22, 'quis');
insert into categories (id, category_name)
values (23, 'at');
insert into categories (id, category_name)
values (24, 'nisi nam');
insert into categories (id, category_name)
values (25, 'non');
insert into categories (id, category_name)
values (26, 'sed');
insert into categories (id, category_name)
values (27, 'auctor');
insert into categories (id, category_name)
values (28, 'nulla sed');
insert into categories (id, category_name)
values (29, 'eu');
insert into categories (id, category_name)
values (30, 'donec');
insert into categories (id, category_name)
values (31, 'ultrices enim');
insert into categories (id, category_name)
values (32, 'quam');
insert into categories (id, category_name)
values (33, 'pede morbi');
insert into categories (id, category_name)
values (34, 'dapibus');
insert into categories (id, category_name)
values (35, 'suscipit a');
insert into categories (id, category_name)
values (36, 'eros');
insert into categories (id, category_name)
values (37, 'est phasellus');
insert into categories (id, category_name)
values (38, 'rutrum nulla');
insert into categories (id, category_name)
values (39, 'dolor quis');
insert into categories (id, category_name)
values (40, 'aliquam');
insert into categories (id, category_name)
values (41, 'fermentum');
insert into categories (id, category_name)
values (42, 'orci luctus');
insert into categories (id, category_name)
values (43, 'ac neque');
insert into categories (id, category_name)
values (44, 'eget');
insert into categories (id, category_name)
values (45, 'donec');
insert into categories (id, category_name)
values (46, 'quisque porta');
insert into categories (id, category_name)
values (47, 'neque duis');
insert into categories (id, category_name)
values (48, 'aliquam');
insert into categories (id, category_name)
values (49, 'convallis');
insert into categories (id, category_name)
values (50, 'curabitur at');

-- Inserting course_tags into course_tags table

insert into course_tags (course_id, tag_id)
values (1, 48);
insert into course_tags (course_id, tag_id)
values (28, 29);
insert into course_tags (course_id, tag_id)
values (18, 14);
insert into course_tags (course_id, tag_id)
values (38, 40);
insert into course_tags (course_id, tag_id)
values (43, 4);
insert into course_tags (course_id, tag_id)
values (28, 50);
insert into course_tags (course_id, tag_id)
values (21, 15);
insert into course_tags (course_id, tag_id)
values (14, 45);
insert into course_tags (course_id, tag_id)
values (26, 35);
insert into course_tags (course_id, tag_id)
values (17, 36);
insert into course_tags (course_id, tag_id)
values (25, 42);
insert into course_tags (course_id, tag_id)
values (9, 48);
insert into course_tags (course_id, tag_id)
values (13, 49);
insert into course_tags (course_id, tag_id)
values (43, 31);
insert into course_tags (course_id, tag_id)
values (39, 45);
insert into course_tags (course_id, tag_id)
values (26, 2);
insert into course_tags (course_id, tag_id)
values (39, 13);
insert into course_tags (course_id, tag_id)
values (28, 17);
insert into course_tags (course_id, tag_id)
values (1, 5);
insert into course_tags (course_id, tag_id)
values (37, 36);
insert into course_tags (course_id, tag_id)
values (17, 13);
insert into course_tags (course_id, tag_id)
values (9, 39);
insert into course_tags (course_id, tag_id)
values (17, 11);
insert into course_tags (course_id, tag_id)
values (25, 3);
insert into course_tags (course_id, tag_id)
values (47, 8);
insert into course_tags (course_id, tag_id)
values (11, 39);
insert into course_tags (course_id, tag_id)
values (45, 29);
insert into course_tags (course_id, tag_id)
values (17, 45);
insert into course_tags (course_id, tag_id)
values (6, 14);
insert into course_tags (course_id, tag_id)
values (48, 36);
insert into course_tags (course_id, tag_id)
values (17, 40);
insert into course_tags (course_id, tag_id)
values (42, 35);
insert into course_tags (course_id, tag_id)
values (21, 1);
insert into course_tags (course_id, tag_id)
values (42, 31);
insert into course_tags (course_id, tag_id)
values (24, 28);
insert into course_tags (course_id, tag_id)
values (47, 24);
insert into course_tags (course_id, tag_id)
values (30, 17);
insert into course_tags (course_id, tag_id)
values (30, 19);
insert into course_tags (course_id, tag_id)
values (22, 23);
insert into course_tags (course_id, tag_id)
values (23, 29);
insert into course_tags (course_id, tag_id)
values (20, 38);
insert into course_tags (course_id, tag_id)
values (10, 43);
insert into course_tags (course_id, tag_id)
values (38, 28);
insert into course_tags (course_id, tag_id)
values (42, 33);
insert into course_tags (course_id, tag_id)
values (22, 15);
insert into course_tags (course_id, tag_id)
values (39, 17);
insert into course_tags (course_id, tag_id)
values (34, 28);
insert into course_tags (course_id, tag_id)
values (5, 17);
insert into course_tags (course_id, tag_id)
values (22, 10);
insert into course_tags (course_id, tag_id)
values (24, 42);

-- Inserting courses into courses table

insert into courses (id, course_name, description, duration, language, price, update_date, course_category, tag_id,
                     course_id)
values (1, 'Koelpin Group', 'duis bibendum', '3:06:07', 1, 30, '2021-01-31', 9, 14, 3);
insert into courses (id, course_name, description, duration, language, price, update_date, course_category, tag_id,
                     course_id)
values (2, 'Adams Inc', 'ornare', '10:29:22', 1, 47, '2021-08-31', 14, 50, 35);
insert into courses (id, course_name, description, duration, language, price, update_date, course_category, tag_id,
                     course_id)
values (3, 'McLaughlin-Stracke', 'est risus auctor', '6:48:16', 2, 26, '2021-11-02', 21, 14, 21);
insert into courses (id, course_name, description, duration, language, price, update_date, course_category, tag_id,
                     course_id)
values (4, 'Hickle-Mosciski', 'maecenas pulvinar lobortis', '4:02:35', 1, 31, '2021-08-20', 49, 8, 27);
insert into courses (id, course_name, description, duration, language, price, update_date, course_category, tag_id,
                     course_id)
values (5, 'Dickens, Zemlak and Rowe', 'non ligula pellentesque', '17:31:31', 2, 37, '2021-05-04', 35, 19, 8);
insert into courses (id, course_name, description, duration, language, price, update_date, course_category, tag_id,
                     course_id)
values (6, 'Tremblay, Wilkinson and Bailey', 'faucibus', '14:36:31', 1, 24, '2021-10-21', 33, 16, 33);
insert into courses (id, course_name, description, duration, language, price, update_date, course_category, tag_id,
                     course_id)
values (7, 'Luettgen and Sons', 'aenean', '4:43:57', 1, 30, '2021-11-15', 17, 36, 29);
insert into courses (id, course_name, description, duration, language, price, update_date, course_category, tag_id,
                     course_id)
values (8, 'Quitzon, Harber and Effertz', 'integer tincidunt', '11:26:06', 1, 23, '2021-02-24', 21, 32, 31);
insert into courses (id, course_name, description, duration, language, price, update_date, course_category, tag_id,
                     course_id)
values (9, 'Grimes, Kertzmann and Miller', 'posuere cubilia curae', '15:56:28', 2, 28, '2021-02-06', 50, 4, 8);
insert into courses (id, course_name, description, duration, language, price, update_date, course_category, tag_id,
                     course_id)
values (10, 'Halvorson Group', 'nulla ac enim', '20:15:58', 2, 24, '2021-06-16', 40, 20, 17);
insert into courses (id, course_name, description, duration, language, price, update_date, course_category, tag_id,
                     course_id)
values (11, 'Von-Schaden', 'sociis natoque', '12:47:04', 2, 31, '2021-04-21', 40, 34, 10);
insert into courses (id, course_name, description, duration, language, price, update_date, course_category, tag_id,
                     course_id)
values (12, 'Jenkins and Sons', 'erat volutpat in', '1:37:13', 2, 43, '2021-05-26', 30, 25, 11);
insert into courses (id, course_name, description, duration, language, price, update_date, course_category, tag_id,
                     course_id)
values (13, 'Pollich, Wisozk and Hodkiewicz', 'sed', '3:28:58', 1, 33, '2021-11-27', 33, 14, 22);
insert into courses (id, course_name, description, duration, language, price, update_date, course_category, tag_id,
                     course_id)
values (14, 'Littel-Marquardt', 'pede', '5:32:11', 2, 39, '2021-07-23', 42, 9, 35);
insert into courses (id, course_name, description, duration, language, price, update_date, course_category, tag_id,
                     course_id)
values (15, 'Davis and Sons', 'nam nulla integer', '7:03:38', 1, 46, '2021-02-26', 15, 24, 4);
insert into courses (id, course_name, description, duration, language, price, update_date, course_category, tag_id,
                     course_id)
values (16, 'Jerde, Klein and Russel', 'nulla', '8:37:24', 1, 36, '2021-01-02', 50, 25, 1);
insert into courses (id, course_name, description, duration, language, price, update_date, course_category, tag_id,
                     course_id)
values (17, 'Schultz Inc', 'est et tempus', '1:09:04', 1, 29, '2021-03-23', 17, 35, 48);
insert into courses (id, course_name, description, duration, language, price, update_date, course_category, tag_id,
                     course_id)
values (18, 'Fahey Inc', 'libero rutrum ac', '14:59:04', 2, 47, '2020-12-20', 2, 41, 3);
insert into courses (id, course_name, description, duration, language, price, update_date, course_category, tag_id,
                     course_id)
values (19, 'Pfeffer-Jacobi', 'elit proin risus', '16:18:02', 1, 40, '2020-12-26', 20, 42, 38);
insert into courses (id, course_name, description, duration, language, price, update_date, course_category, tag_id,
                     course_id)
values (20, 'Connelly Inc', 'justo lacinia', '20:16:10', 1, 35, '2021-05-12', 13, 17, 48);
insert into courses (id, course_name, description, duration, language, price, update_date, course_category, tag_id,
                     course_id)
values (21, 'Predovic, Heaney and Leuschke', 'etiam', '17:03:27', 2, 28, '2021-04-03', 42, 44, 10);
insert into courses (id, course_name, description, duration, language, price, update_date, course_category, tag_id,
                     course_id)
values (22, 'Schamberger, Bins and Rempel', 'a suscipit', '14:40:02', 2, 41, '2021-06-26', 44, 28, 13);
insert into courses (id, course_name, description, duration, language, price, update_date, course_category, tag_id,
                     course_id)
values (23, 'Schmidt Group', 'in hac habitasse', '9:50:28', 1, 28, '2020-12-21', 18, 45, 34);
insert into courses (id, course_name, description, duration, language, price, update_date, course_category, tag_id,
                     course_id)
values (24, 'Gaylord LLC', 'ridiculus', '15:23:16', 2, 33, '2021-07-10', 34, 14, 48);
insert into courses (id, course_name, description, duration, language, price, update_date, course_category, tag_id,
                     course_id)
values (25, 'Towne, Brown and Cartwright', 'orci', '11:18:31', 1, 29, '2021-05-24', 11, 21, 11);
insert into courses (id, course_name, description, duration, language, price, update_date, course_category, tag_id,
                     course_id)
values (26, 'Leannon, Tremblay and Kiehn', 'cum', '3:24:11', 2, 45, '2021-11-26', 28, 16, 9);
insert into courses (id, course_name, description, duration, language, price, update_date, course_category, tag_id,
                     course_id)
values (27, 'Altenwerth-Weimann', 'libero nam dui', '4:09:04', 1, 28, '2021-11-11', 44, 46, 10);
insert into courses (id, course_name, description, duration, language, price, update_date, course_category, tag_id,
                     course_id)
values (28, 'Weimann Group', 'sem', '7:13:55', 1, 42, '2021-03-02', 20, 37, 27);
insert into courses (id, course_name, description, duration, language, price, update_date, course_category, tag_id,
                     course_id)
values (29, 'Grant, Mayert and Konopelski', 'porta', '12:43:10', 2, 19, '2021-03-16', 41, 20, 4);
insert into courses (id, course_name, description, duration, language, price, update_date, course_category, tag_id,
                     course_id)
values (30, 'Torp Group', 'nam ultrices libero', '1:03:19', 1, 40, '2021-07-29', 31, 23, 47);
insert into courses (id, course_name, description, duration, language, price, update_date, course_category, tag_id,
                     course_id)
values (31, 'McCullough LLC', 'vestibulum', '2:45:02', 1, 44, '2021-02-18', 28, 24, 3);
insert into courses (id, course_name, description, duration, language, price, update_date, course_category, tag_id,
                     course_id)
values (32, 'Marquardt-Mraz', 'eget elit sodales', '13:12:10', 2, 34, '2021-01-01', 40, 15, 4);
insert into courses (id, course_name, description, duration, language, price, update_date, course_category, tag_id,
                     course_id)
values (33, 'Volkman, Schmidt and Lesch', 'vulputate nonummy', '4:43:59', 1, 26, '2021-02-05', 32, 13, 33);
insert into courses (id, course_name, description, duration, language, price, update_date, course_category, tag_id,
                     course_id)
values (34, 'Lowe-Boyer', 'metus', '19:33:59', 2, 19, '2021-06-28', 2, 28, 42);
insert into courses (id, course_name, description, duration, language, price, update_date, course_category, tag_id,
                     course_id)
values (35, 'Sanford and Sons', 'ultrices', '6:08:58', 1, 22, '2021-11-28', 8, 10, 35);
insert into courses (id, course_name, description, duration, language, price, update_date, course_category, tag_id,
                     course_id)
values (36, 'Bayer, Ledner and Oberbrunner', 'vel augue', '5:32:31', 2, 34, '2021-03-19', 1, 40, 5);
insert into courses (id, course_name, description, duration, language, price, update_date, course_category, tag_id,
                     course_id)
values (37, 'McGlynn, Oberbrunner and O''Hara', 'iaculis congue vivamus', '6:32:18', 2, 39, '2021-07-25', 21, 38, 33);
insert into courses (id, course_name, description, duration, language, price, update_date, course_category, tag_id,
                     course_id)
values (38, 'Hilll Group', 'arcu sed augue', '15:06:07', 2, 20, '2020-12-15', 24, 47, 8);
insert into courses (id, course_name, description, duration, language, price, update_date, course_category, tag_id,
                     course_id)
values (39, 'Medhurst, Gusikowski and Purdy', 'in quis', '12:09:03', 2, 47, '2021-04-20', 46, 42, 18);
insert into courses (id, course_name, description, duration, language, price, update_date, course_category, tag_id,
                     course_id)
values (40, 'Koss LLC', 'eu est', '13:49:56', 2, 36, '2021-05-19', 24, 49, 43);
insert into courses (id, course_name, description, duration, language, price, update_date, course_category, tag_id,
                     course_id)
values (41, 'Mayert, Yost and Feest', 'quam turpis', '9:22:54', 1, 47, '2021-08-29', 23, 12, 34);
insert into courses (id, course_name, description, duration, language, price, update_date, course_category, tag_id,
                     course_id)
values (42, 'Walker and Sons', 'sollicitudin', '23:17:19', 2, 39, '2021-03-11', 14, 8, 2);
insert into courses (id, course_name, description, duration, language, price, update_date, course_category, tag_id,
                     course_id)
values (43, 'Reichel-Yundt', 'nonummy', '14:18:28', 1, 30, '2021-11-08', 39, 16, 30);
insert into courses (id, course_name, description, duration, language, price, update_date, course_category, tag_id,
                     course_id)
values (44, 'McLaughlin LLC', 'curae duis faucibus', '15:11:18', 2, 22, '2021-03-05', 8, 34, 37);
insert into courses (id, course_name, description, duration, language, price, update_date, course_category, tag_id,
                     course_id)
values (45, 'Bashirian Inc', 'ipsum praesent', '21:23:44', 2, 32, '2021-08-19', 35, 7, 16);
insert into courses (id, course_name, description, duration, language, price, update_date, course_category, tag_id,
                     course_id)
values (46, 'Carroll LLC', 'molestie nibh', '6:26:55', 2, 49, '2021-07-08', 29, 45, 16);
insert into courses (id, course_name, description, duration, language, price, update_date, course_category, tag_id,
                     course_id)
values (47, 'Frami-Hahn', 'nam congue risus', '2:56:17', 2, 29, '2021-06-05', 3, 29, 49);
insert into courses (id, course_name, description, duration, language, price, update_date, course_category, tag_id,
                     course_id)
values (48, 'Wunsch, Schulist and Bogan', 'eget', '11:05:50', 2, 32, '2021-07-29', 17, 49, 18);
insert into courses (id, course_name, description, duration, language, price, update_date, course_category, tag_id,
                     course_id)
values (49, 'Yundt Group', 'pretium quis lectus', '11:11:05', 1, 37, '2021-04-23', 45, 48, 27);
insert into courses (id, course_name, description, duration, language, price, update_date, course_category, tag_id,
                     course_id)
values (50, 'Weimann, Lemke and Tillman', 'quis turpis', '20:19:56', 2, 20, '2021-07-10', 16, 39, 9);

-- Inserting groups into groups table

insert into groups (id, capacity, name, start_date, course_id)
values (1, 3, 'Veum-Grady', '2022-01-27', 42);
insert into groups (id, capacity, name, start_date, course_id)
values (2, 4, 'Conroy, Reynolds and Koch', '2022-05-11', 32);
insert into groups (id, capacity, name, start_date, course_id)
values (3, 4, 'Ratke, Dibbert and Stroman', '2022-02-25', 7);
insert into groups (id, capacity, name, start_date, course_id)
values (4, 7, 'Medhurst-Mueller', '2022-11-29', 40);
insert into groups (id, capacity, name, start_date, course_id)
values (5, 4, 'Luettgen, Kovacek and Bartell', '2022-01-31', 30);
insert into groups (id, capacity, name, start_date, course_id)
values (6, 4, 'Gerlach Group', '2022-12-26', 32);
insert into groups (id, capacity, name, start_date, course_id)
values (7, 4, 'Turner-Schoen', '2022-01-10', 16);
insert into groups (id, capacity, name, start_date, course_id)
values (8, 8, 'Mayer-Hirthe', '2022-04-23', 28);
insert into groups (id, capacity, name, start_date, course_id)
values (9, 4, 'Haag, O''Keefe and Mitchell', '2022-09-30', 28);
insert into groups (id, capacity, name, start_date, course_id)
values (10, 6, 'Ortiz Inc', '2022-02-17', 14);
insert into groups (id, capacity, name, start_date, course_id)
values (11, 6, 'Will-Hane', '2022-04-19', 35);
insert into groups (id, capacity, name, start_date, course_id)
values (12, 3, 'Hermiston, Sporer and Mante', '2022-02-21', 24);
insert into groups (id, capacity, name, start_date, course_id)
values (13, 6, 'Corwin, Weber and Skiles', '2022-03-24', 8);
insert into groups (id, capacity, name, start_date, course_id)
values (14, 8, 'Pagac-Fahey', '2022-09-08', 4);
insert into groups (id, capacity, name, start_date, course_id)
values (15, 2, 'Rogahn LLC', '2022-03-01', 7);
insert into groups (id, capacity, name, start_date, course_id)
values (16, 8, 'Ryan-Beahan', '2023-01-07', 2);
insert into groups (id, capacity, name, start_date, course_id)
values (17, 8, 'Pouros, Ebert and Grady', '2022-06-27', 18);
insert into groups (id, capacity, name, start_date, course_id)
values (18, 2, 'Bartoletti-Boyer', '2022-07-25', 39);
insert into groups (id, capacity, name, start_date, course_id)
values (19, 2, 'Braun-Huel', '2022-09-07', 7);
insert into groups (id, capacity, name, start_date, course_id)
values (20, 2, 'Cole, Muller and Swaniawski', '2022-05-11', 13);
insert into groups (id, capacity, name, start_date, course_id)
values (21, 6, 'Simonis Inc', '2022-12-22', 29);
insert into groups (id, capacity, name, start_date, course_id)
values (22, 5, 'Wisoky, Hartmann and D''Amore', '2022-08-07', 5);
insert into groups (id, capacity, name, start_date, course_id)
values (23, 6, 'Braun LLC', '2022-06-26', 36);
insert into groups (id, capacity, name, start_date, course_id)
values (24, 2, 'Fritsch-Stiedemann', '2022-02-20', 6);
insert into groups (id, capacity, name, start_date, course_id)
values (25, 3, 'Fadel, Heller and Murray', '2023-01-11', 7);
insert into groups (id, capacity, name, start_date, course_id)
values (26, 3, 'Reinger and Sons', '2022-01-20', 38);
insert into groups (id, capacity, name, start_date, course_id)
values (27, 3, 'Schamberger, Corkery and Davis', '2022-11-24', 20);
insert into groups (id, capacity, name, start_date, course_id)
values (28, 4, 'Keeling Group', '2022-01-25', 35);
insert into groups (id, capacity, name, start_date, course_id)
values (29, 7, 'Collins Inc', '2022-03-28', 6);
insert into groups (id, capacity, name, start_date, course_id)
values (30, 5, 'Zieme, Hessel and Hand', '2022-09-15', 40);
insert into groups (id, capacity, name, start_date, course_id)
values (31, 2, 'Ankunding-Schneider', '2022-12-04', 44);
insert into groups (id, capacity, name, start_date, course_id)
values (32, 5, 'Bailey-Funk', '2022-04-01', 4);
insert into groups (id, capacity, name, start_date, course_id)
values (33, 2, 'Orn Group', '2022-02-10', 25);
insert into groups (id, capacity, name, start_date, course_id)
values (34, 2, 'Cummings, Hermiston and Parisian', '2022-03-21', 21);
insert into groups (id, capacity, name, start_date, course_id)
values (35, 7, 'Schmidt, Kessler and Price', '2022-11-25', 29);
insert into groups (id, capacity, name, start_date, course_id)
values (36, 6, 'Johns-Smith', '2022-07-17', 26);
insert into groups (id, capacity, name, start_date, course_id)
values (37, 7, 'Hills, Bergnaum and Lowe', '2023-01-06', 38);
insert into groups (id, capacity, name, start_date, course_id)
values (38, 2, 'McDermott and Sons', '2023-01-03', 43);
insert into groups (id, capacity, name, start_date, course_id)
values (39, 2, 'Gleichner, Boehm and Johns', '2023-01-11', 7);
insert into groups (id, capacity, name, start_date, course_id)
values (40, 7, 'Luettgen, Stiedemann and Gottlieb', '2022-12-24', 19);
insert into groups (id, capacity, name, start_date, course_id)
values (41, 8, 'Rowe, Kunde and Dickinson', '2022-01-03', 15);
insert into groups (id, capacity, name, start_date, course_id)
values (42, 4, 'Padberg LLC', '2022-11-06', 34);
insert into groups (id, capacity, name, start_date, course_id)
values (43, 6, 'Powlowski LLC', '2022-10-20', 10);
insert into groups (id, capacity, name, start_date, course_id)
values (44, 8, 'DuBuque, Frami and Dibbert', '2022-07-25', 8);
insert into groups (id, capacity, name, start_date, course_id)
values (45, 5, 'D''Amore, Kuhlman and Mitchell', '2023-01-24', 26);
insert into groups (id, capacity, name, start_date, course_id)
values (46, 8, 'Cruickshank-O''Hara', '2023-01-14', 33);
insert into groups (id, capacity, name, start_date, course_id)
values (47, 7, 'Feeney-Kunde', '2022-12-30', 24);
insert into groups (id, capacity, name, start_date, course_id)
values (48, 4, 'Welch, Collins and Kihn', '2022-10-09', 19);
insert into groups (id, capacity, name, start_date, course_id)
values (49, 3, 'Medhurst-Gleason', '2022-12-12', 12);
insert into groups (id, capacity, name, start_date, course_id)
values (50, 5, 'Huel, Little and Pacocha', '2022-02-12', 46);

-- Inserting users into users table

insert into users (id, account_card, about, email, first_name, last_name, role, password)
values (1, '4041377234034',
        'in magna bibendum imperdiet nullam orci pede venenatis non sodales sed tincidunt eu felis fusce posuere felis',
        'pworters0@unicef.org', 'Peri', 'Worters',
        'error: Please use field(''USER'') to access USER because it starts with an upper case letter.', 'L0fKqFvNc');
insert into users (id, account_card, about, email, first_name, last_name, role, password)
values (2, '4041373489714802',
        'interdum eu tincidunt in leo maecenas pulvinar lobortis est phasellus sit amet erat nulla tempus vivamus in',
        'djanuszewski1@nationalgeographic.com', 'Drusy', 'Januszewski',
        'error: Please use field(''USER'') to access USER because it starts with an upper case letter.', 'dcXsDqA');
insert into users (id, account_card, about, email, first_name, last_name, role, password)
values (3, '4017950595264',
        'quisque id justo sit amet sapien dignissim vestibulum vestibulum ante ipsum primis in faucibus orci luctus et ultrices posuere',
        'mritchman2@issuu.com', 'Mommy', 'Ritchman',
        'error: Please use field(''USER'') to access USER because it starts with an upper case letter.', 'H9mRVjyFq');
insert into users (id, account_card, about, email, first_name, last_name, role, password)
values (4, '4041379172021025',
        'libero ut massa volutpat convallis morbi odio odio elementum eu interdum eu tincidunt in leo maecenas pulvinar lobortis',
        'kpagel3@nationalgeographic.com', 'Korella', 'Pagel',
        'error: Please use field(''USER'') to access USER because it starts with an upper case letter.', 'sUOFQf6XY6');
insert into users (id, account_card, about, email, first_name, last_name, role, password)
values (5, '4041379087192457',
        'nisi nam ultrices libero non mattis pulvinar nulla pede ullamcorper augue a suscipit nulla elit ac nulla sed',
        'kromeril4@blogs.com', 'Karola', 'Romeril',
        'error: Please use field(''USER'') to access USER because it starts with an upper case letter.', 'ODNOeuK3yNH');
insert into users (id, account_card, about, email, first_name, last_name, role, password)
values (6, '4041596819399981', 'augue vel accumsan tellus nisi eu orci mauris lacinia sapien quis',
        'rnewman5@plala.or.jp', 'Ruy', 'Newman',
        'error: Please use field(''USER'') to access USER because it starts with an upper case letter.', 'pY763iG');
insert into users (id, account_card, about, email, first_name, last_name, role, password)
values (7, '4041370894750',
        'massa tempor convallis nulla neque libero convallis eget eleifend luctus ultricies eu nibh quisque id justo sit amet sapien dignissim',
        'ajarvie6@exblog.jp', 'Ardenia', 'Jarvie',
        'error: Please use field(''USER'') to access USER because it starts with an upper case letter.', 'IJZhiIERhy');
insert into users (id, account_card, about, email, first_name, last_name, role, password)
values (8, '4041370000085597',
        'molestie nibh in lectus pellentesque at nulla suspendisse potenti cras in purus eu magna vulputate luctus cum sociis natoque penatibus',
        'mchuter7@usatoday.com', 'Mark', 'Chuter',
        'error: Please use field(''USER'') to access USER because it starts with an upper case letter.', 'BNajZkx8Jo');
insert into users (id, account_card, about, email, first_name, last_name, role, password)
values (9, '4041379935539', 'arcu sed augue aliquam erat volutpat in congue etiam justo', 'tralestone8@wordpress.org',
        'Tawnya', 'Ralestone',
        'error: Please use field(''USER'') to access USER because it starts with an upper case letter.',
        '0PSoXvC2u3lE');
insert into users (id, account_card, about, email, first_name, last_name, role, password)
values (10, '4041594613527493',
        'fusce posuere felis sed lacus morbi sem mauris laoreet ut rhoncus aliquet pulvinar sed nisl nunc rhoncus dui',
        'nrushby9@wordpress.com', 'Nalani', 'Rushby',
        'error: Please use field(''USER'') to access USER because it starts with an upper case letter.', 'x6D0VjRfd');
insert into users (id, account_card, about, email, first_name, last_name, role, password)
values (11, '4041370296063', 'felis donec semper sapien a libero nam dui proin leo', 'clebruma@gizmodo.com', 'Cherice',
        'Le Brum', 'error: Please use field(''USER'') to access USER because it starts with an upper case letter.',
        '0CI9Ie');
insert into users (id, account_card, about, email, first_name, last_name, role, password)
values (12, '4041597932986027',
        'vestibulum sed magna at nunc commodo placerat praesent blandit nam nulla integer pede justo lacinia eget tincidunt eget tempus vel',
        'ltimbrellb@earthlink.net', 'Lebbie', 'Timbrell',
        'error: Please use field(''USER'') to access USER because it starts with an upper case letter.', '3wXP8dcK');
insert into users (id, account_card, about, email, first_name, last_name, role, password)
values (13, '4041592191332',
        'parturient montes nascetur ridiculus mus vivamus vestibulum sagittis sapien cum sociis natoque penatibus',
        'craccioc@ovh.net', 'Cloe', 'Raccio',
        'error: Please use field(''USER'') to access USER because it starts with an upper case letter.', 'RhBvIGT');
insert into users (id, account_card, about, email, first_name, last_name, role, password)
values (14, '4041596910161678',
        'pretium nisl ut volutpat sapien arcu sed augue aliquam erat volutpat in congue etiam justo etiam pretium iaculis justo in',
        'cgombyd@surveymonkey.com', 'Cate', 'Gomby',
        'error: Please use field(''USER'') to access USER because it starts with an upper case letter.', 'ByTCGvD3');
insert into users (id, account_card, about, email, first_name, last_name, role, password)
values (15, '4041370243693',
        'volutpat sapien arcu sed augue aliquam erat volutpat in congue etiam justo etiam pretium iaculis',
        'gsquirrelle@goodreads.com', 'Gretal', 'Squirrell',
        'error: Please use field(''USER'') to access USER because it starts with an upper case letter.', '3wi9koiawe');
insert into users (id, account_card, about, email, first_name, last_name, role, password)
values (16, '4041370196420',
        'vestibulum ante ipsum primis in faucibus orci luctus et ultrices posuere cubilia curae mauris',
        'ahalledayf@ft.com', 'Adriano', 'Halleday',
        'error: Please use field(''USER'') to access USER because it starts with an upper case letter.', 'tiwdqqH4P');
insert into users (id, account_card, about, email, first_name, last_name, role, password)
values (17, '4041373967454',
        'augue vel accumsan tellus nisi eu orci mauris lacinia sapien quis libero nullam sit amet turpis elementum ligula vehicula consequat',
        'lisardg@slideshare.net', 'Les', 'Isard',
        'error: Please use field(''USER'') to access USER because it starts with an upper case letter.', 'tP2toL');
insert into users (id, account_card, about, email, first_name, last_name, role, password)
values (18, '4764733176884',
        'orci luctus et ultrices posuere cubilia curae mauris viverra diam vitae quam suspendisse potenti nullam',
        'santyukhinh@wired.com', 'Skipp', 'Antyukhin',
        'error: Please use field(''USER'') to access USER because it starts with an upper case letter.', 'WRzm2rvE');
insert into users (id, account_card, about, email, first_name, last_name, role, password)
values (19, '4017959286154',
        'tempus sit amet sem fusce consequat nulla nisl nunc nisl duis bibendum felis sed interdum venenatis',
        'feldertoni@reference.com', 'Fidel', 'Elderton',
        'error: Please use field(''USER'') to access USER because it starts with an upper case letter.', 'odWVmlqi8Z');
insert into users (id, account_card, about, email, first_name, last_name, role, password)
values (20, '4041370939358669', 'nisl venenatis lacinia aenean sit amet justo morbi ut odio',
        'hgreenacrej@prnewswire.com', 'Helge', 'Greenacre',
        'error: Please use field(''USER'') to access USER because it starts with an upper case letter.',
        'aty50BvRmhin');
insert into users (id, account_card, about, email, first_name, last_name, role, password)
values (21, '4017957143845', 'non quam nec dui luctus rutrum nulla tellus in sagittis dui vel nisl duis',
        'plaverenzk@e-recht24.de', 'Pierre', 'Laverenz',
        'error: Please use field(''USER'') to access USER because it starts with an upper case letter.', 'KgDgBrGN');
insert into users (id, account_card, about, email, first_name, last_name, role, password)
values (22, '4791916489099',
        'potenti nullam porttitor lacus at turpis donec posuere metus vitae ipsum aliquam non mauris',
        'caisthorpel@buzzfeed.com', 'Cass', 'Aisthorpe',
        'error: Please use field(''USER'') to access USER because it starts with an upper case letter.', 'ij36KxrBS');
insert into users (id, account_card, about, email, first_name, last_name, role, password)
values (23, '4041591223086',
        'sem praesent id massa id nisl venenatis lacinia aenean sit amet justo morbi ut odio cras mi pede malesuada',
        'naleksidzem@globo.com', 'Nick', 'Aleksidze',
        'error: Please use field(''USER'') to access USER because it starts with an upper case letter.',
        '4Kh2XD5toSu7');
insert into users (id, account_card, about, email, first_name, last_name, role, password)
values (24, '4041595557947274',
        'condimentum neque sapien placerat ante nulla justo aliquam quis turpis eget elit sodales scelerisque',
        'dbartoszekn@state.gov', 'Daisy', 'Bartoszek',
        'error: Please use field(''USER'') to access USER because it starts with an upper case letter.', '53ogKOl');
insert into users (id, account_card, about, email, first_name, last_name, role, password)
values (25, '4041377637772',
        'molestie sed justo pellentesque viverra pede ac diam cras pellentesque volutpat dui maecenas tristique est',
        'pmarneyo@berkeley.edu', 'Pauly', 'Marney',
        'error: Please use field(''USER'') to access USER because it starts with an upper case letter.', 'QiLp767Rnq6');
insert into users (id, account_card, about, email, first_name, last_name, role, password)
values (26, '4041372908020',
        'convallis nunc proin at turpis a pede posuere nonummy integer non velit donec diam neque vestibulum eget vulputate',
        'yzanazzip@ning.com', 'Yasmin', 'Zanazzi',
        'error: Please use field(''USER'') to access USER because it starts with an upper case letter.', 'fTZebAu3');
insert into users (id, account_card, about, email, first_name, last_name, role, password)
values (27, '4041594805348252', 'nunc viverra dapibus nulla suscipit ligula in lacus curabitur at ipsum ac tellus',
        'nlewendonq@latimes.com', 'Niles', 'Lewendon',
        'error: Please use field(''USER'') to access USER because it starts with an upper case letter.',
        'cne4axR4VxxD');
insert into users (id, account_card, about, email, first_name, last_name, role, password)
values (28, '4407080660704381',
        'volutpat eleifend donec ut dolor morbi vel lectus in quam fringilla rhoncus mauris enim leo rhoncus sed vestibulum sit',
        'epriggr@1und1.de', 'Edee', 'Prigg',
        'error: Please use field(''USER'') to access USER because it starts with an upper case letter.', 'XezrXJMdOee');
insert into users (id, account_card, about, email, first_name, last_name, role, password)
values (29, '4041591064043',
        'ultrices libero non mattis pulvinar nulla pede ullamcorper augue a suscipit nulla elit ac', 'ggumbs@wisc.edu',
        'Gabbi', 'Gumb',
        'error: Please use field(''USER'') to access USER because it starts with an upper case letter.', '12NLjg');
insert into users (id, account_card, about, email, first_name, last_name, role, password)
values (30, '4041598516363708',
        'nunc donec quis orci eget orci vehicula condimentum curabitur in libero ut massa volutpat convallis morbi',
        'eeytont@noaa.gov', 'Ellsworth', 'Eyton',
        'error: Please use field(''USER'') to access USER because it starts with an upper case letter.', 'kWV4nxHBXgk');
insert into users (id, account_card, about, email, first_name, last_name, role, password)
values (31, '4816950868256852', 'nulla dapibus dolor vel est donec odio justo sollicitudin ut', 'gmatteacciu@yandex.ru',
        'Greggory', 'Matteacci',
        'error: Please use field(''USER'') to access USER because it starts with an upper case letter.', 'n3UNcPNI8mF');
insert into users (id, account_card, about, email, first_name, last_name, role, password)
values (32, '4041371449394178', 'et ultrices posuere cubilia curae donec pharetra magna vestibulum aliquet',
        'rtrazziv@unicef.org', 'Raina', 'Trazzi',
        'error: Please use field(''USER'') to access USER because it starts with an upper case letter.',
        'PhWR9nbQGsRn');
insert into users (id, account_card, about, email, first_name, last_name, role, password)
values (33, '4041591622436',
        'eget tincidunt eget tempus vel pede morbi porttitor lorem id ligula suspendisse ornare consequat lectus in est risus auctor sed',
        'ttryhornw@xrea.com', 'Trent', 'Tryhorn',
        'error: Please use field(''USER'') to access USER because it starts with an upper case letter.', '64kFmodNA');
insert into users (id, account_card, about, email, first_name, last_name, role, password)
values (34, '4041599268141', 'nisl nunc rhoncus dui vel sem sed sagittis nam congue', 'bdallemorex@answers.com', 'Bill',
        'Dallemore', 'error: Please use field(''USER'') to access USER because it starts with an upper case letter.',
        'jyvwC6');
insert into users (id, account_card, about, email, first_name, last_name, role, password)
values (35, '4017954958677131', 'hac habitasse platea dictumst morbi vestibulum velit id pretium iaculis',
        'kjohannesy@businessweek.com', 'Ketty', 'Johannes',
        'error: Please use field(''USER'') to access USER because it starts with an upper case letter.', '6KOEvHFV');
insert into users (id, account_card, about, email, first_name, last_name, role, password)
values (36, '4490733719569902',
        'nisi vulputate nonummy maecenas tincidunt lacus at velit vivamus vel nulla eget eros elementum pellentesque',
        'ndavenellz@dell.com', 'Natalya', 'Davenell',
        'error: Please use field(''USER'') to access USER because it starts with an upper case letter.', '2lbeTZVM');
insert into users (id, account_card, about, email, first_name, last_name, role, password)
values (37, '4219305208995',
        'rutrum rutrum neque aenean auctor gravida sem praesent id massa id nisl venenatis lacinia aenean',
        'ggwillim10@shop-pro.jp', 'Germaine', 'Gwillim',
        'error: Please use field(''USER'') to access USER because it starts with an upper case letter.', 'n2C4A6H');
insert into users (id, account_card, about, email, first_name, last_name, role, password)
values (38, '4017957591092', 'eget massa tempor convallis nulla neque libero convallis eget eleifend luctus',
        'mrosenbarg11@squidoo.com', 'Misti', 'Rosenbarg',
        'error: Please use field(''USER'') to access USER because it starts with an upper case letter.', '5kkEUH40gdc');
insert into users (id, account_card, about, email, first_name, last_name, role, password)
values (39, '4017955879896171',
        'habitasse platea dictumst maecenas ut massa quis augue luctus tincidunt nulla mollis molestie lorem quisque ut erat curabitur gravida',
        'asumshon12@ning.com', 'Alejandra', 'Sumshon',
        'error: Please use field(''USER'') to access USER because it starts with an upper case letter.', 'aJLebFH8mB');
insert into users (id, account_card, about, email, first_name, last_name, role, password)
values (40, '4041378288832598', 'mauris viverra diam vitae quam suspendisse potenti nullam porttitor lacus at',
        'pnorth13@mit.edu', 'Paulina', 'North',
        'error: Please use field(''USER'') to access USER because it starts with an upper case letter.', 'N4y6j7c');
insert into users (id, account_card, about, email, first_name, last_name, role, password)
values (41, '4781914415188', 'suscipit ligula in lacus curabitur at ipsum ac tellus semper interdum',
        'brozycki14@indiegogo.com', 'Brittany', 'Rozycki',
        'error: Please use field(''USER'') to access USER because it starts with an upper case letter.',
        'ULeUeR4KyKFz');
insert into users (id, account_card, about, email, first_name, last_name, role, password)
values (42, '4041599267978',
        'diam id ornare imperdiet sapien urna pretium nisl ut volutpat sapien arcu sed augue aliquam erat volutpat in congue etiam',
        'mdefond15@usda.gov', 'Morten', 'Defond',
        'error: Please use field(''USER'') to access USER because it starts with an upper case letter.', 'ECWkgxE');
insert into users (id, account_card, about, email, first_name, last_name, role, password)
values (43, '4041373995208331',
        'tellus nisi eu orci mauris lacinia sapien quis libero nullam sit amet turpis elementum', 'dbramo16@google.nl',
        'Dory', 'Bramo',
        'error: Please use field(''USER'') to access USER because it starts with an upper case letter.', 'uEGYYwBtdj');
insert into users (id, account_card, about, email, first_name, last_name, role, password)
values (44, '4041372378091', 'tellus nisi eu orci mauris lacinia sapien quis libero nullam sit amet',
        'sesmond17@arizona.edu', 'Sari', 'Esmond',
        'error: Please use field(''USER'') to access USER because it starts with an upper case letter.',
        'VtPA26pYAI9k');
insert into users (id, account_card, about, email, first_name, last_name, role, password)
values (45, '4041373531450140',
        'quam turpis adipiscing lorem vitae mattis nibh ligula nec sem duis aliquam convallis nunc proin at turpis a pede',
        'berskin18@dell.com', 'Brewer', 'Erskin',
        'error: Please use field(''USER'') to access USER because it starts with an upper case letter.', 'O1zbNY');
insert into users (id, account_card, about, email, first_name, last_name, role, password)
values (46, '4659660742031',
        'libero nullam sit amet turpis elementum ligula vehicula consequat morbi a ipsum integer a nibh in quis justo',
        'lkidston19@sohu.com', 'Lorita', 'Kidston',
        'error: Please use field(''USER'') to access USER because it starts with an upper case letter.', 'anvqCEs5j');
insert into users (id, account_card, about, email, first_name, last_name, role, password)
values (47, '4041378884456',
        'orci luctus et ultrices posuere cubilia curae nulla dapibus dolor vel est donec odio justo sollicitudin ut suscipit',
        'jthorold1a@topsy.com', 'Jeffy', 'Thorold',
        'error: Please use field(''USER'') to access USER because it starts with an upper case letter.', 'cEEfaT8');
insert into users (id, account_card, about, email, first_name, last_name, role, password)
values (48, '4055547469551',
        'consequat nulla nisl nunc nisl duis bibendum felis sed interdum venenatis turpis enim blandit mi in porttitor pede justo eu',
        'djecks1b@google.com', 'Dorisa', 'Jecks',
        'error: Please use field(''USER'') to access USER because it starts with an upper case letter.', 'Kd3NhwqrD');
insert into users (id, account_card, about, email, first_name, last_name, role, password)
values (49, '4017959369360607', 'ullamcorper purus sit amet nulla quisque arcu libero rutrum ac',
        'emullett1c@toplist.cz', 'Elysha', 'Mullett',
        'error: Please use field(''USER'') to access USER because it starts with an upper case letter.', 'lJfINNjKX');
insert into users (id, account_card, about, email, first_name, last_name, role, password)
values (50, '4041377101432156',
        'libero nullam sit amet turpis elementum ligula vehicula consequat morbi a ipsum integer a nibh in quis',
        'fklain1d@umich.edu', 'Forrest', 'Klain',
        'error: Please use field(''USER'') to access USER because it starts with an upper case letter.', 'AHYhfy');

-- Inserting user_course into user_course table

insert into user_course (course_id, user_id, course_status, is_author)
values (1, 46, 5, true);
insert into user_course (course_id, user_id, course_status, is_author)
values (2, 29, 14, false);
insert into user_course (course_id, user_id, course_status, is_author)
values (3, 11, 1, true);
insert into user_course (course_id, user_id, course_status, is_author)
values (4, 46, 16, true);
insert into user_course (course_id, user_id, course_status, is_author)
values (5, 38, 20, true);
insert into user_course (course_id, user_id, course_status, is_author)
values (6, 36, 10, false);
insert into user_course (course_id, user_id, course_status, is_author)
values (7, 34, 2, false);
insert into user_course (course_id, user_id, course_status, is_author)
values (8, 23, 6, true);
insert into user_course (course_id, user_id, course_status, is_author)
values (9, 38, 17, false);
insert into user_course (course_id, user_id, course_status, is_author)
values (10, 25, 10, true);
insert into user_course (course_id, user_id, course_status, is_author)
values (11, 47, 10, false);
insert into user_course (course_id, user_id, course_status, is_author)
values (12, 46, 16, true);
insert into user_course (course_id, user_id, course_status, is_author)
values (13, 42, 9, false);
insert into user_course (course_id, user_id, course_status, is_author)
values (14, 25, 8, true);
insert into user_course (course_id, user_id, course_status, is_author)
values (15, 48, 17, false);
insert into user_course (course_id, user_id, course_status, is_author)
values (16, 23, 20, false);
insert into user_course (course_id, user_id, course_status, is_author)
values (17, 37, 17, true);
insert into user_course (course_id, user_id, course_status, is_author)
values (18, 39, 2, true);
insert into user_course (course_id, user_id, course_status, is_author)
values (19, 46, 20, true);
insert into user_course (course_id, user_id, course_status, is_author)
values (20, 36, 17, true);
insert into user_course (course_id, user_id, course_status, is_author)
values (21, 12, 19, false);
insert into user_course (course_id, user_id, course_status, is_author)
values (22, 24, 15, false);
insert into user_course (course_id, user_id, course_status, is_author)
values (23, 45, 10, true);
insert into user_course (course_id, user_id, course_status, is_author)
values (24, 10, 10, false);
insert into user_course (course_id, user_id, course_status, is_author)
values (25, 33, 12, false);
insert into user_course (course_id, user_id, course_status, is_author)
values (26, 43, 1, true);
insert into user_course (course_id, user_id, course_status, is_author)
values (27, 39, 15, true);
insert into user_course (course_id, user_id, course_status, is_author)
values (28, 42, 16, true);
insert into user_course (course_id, user_id, course_status, is_author)
values (29, 9, 2, false);
insert into user_course (course_id, user_id, course_status, is_author)
values (30, 24, 5, false);
insert into user_course (course_id, user_id, course_status, is_author)
values (31, 28, 8, true);
insert into user_course (course_id, user_id, course_status, is_author)
values (32, 19, 7, true);
insert into user_course (course_id, user_id, course_status, is_author)
values (33, 5, 4, true);
insert into user_course (course_id, user_id, course_status, is_author)
values (34, 9, 6, false);
insert into user_course (course_id, user_id, course_status, is_author)
values (35, 32, 4, false);
insert into user_course (course_id, user_id, course_status, is_author)
values (36, 22, 17, true);
insert into user_course (course_id, user_id, course_status, is_author)
values (37, 29, 4, true);
insert into user_course (course_id, user_id, course_status, is_author)
values (38, 49, 17, true);
insert into user_course (course_id, user_id, course_status, is_author)
values (39, 33, 9, false);
insert into user_course (course_id, user_id, course_status, is_author)
values (40, 38, 16, true);
insert into user_course (course_id, user_id, course_status, is_author)
values (41, 12, 17, true);
insert into user_course (course_id, user_id, course_status, is_author)
values (42, 35, 4, true);
insert into user_course (course_id, user_id, course_status, is_author)
values (43, 42, 14, false);
insert into user_course (course_id, user_id, course_status, is_author)
values (44, 19, 12, true);
insert into user_course (course_id, user_id, course_status, is_author)
values (45, 45, 9, true);
insert into user_course (course_id, user_id, course_status, is_author)
values (46, 34, 14, false);
insert into user_course (course_id, user_id, course_status, is_author)
values (47, 20, 5, true);
insert into user_course (course_id, user_id, course_status, is_author)
values (48, 39, 7, true);
insert into user_course (course_id, user_id, course_status, is_author)
values (49, 16, 5, true);
insert into user_course (course_id, user_id, course_status, is_author)
values (50, 24, 20, true);

-- Inserting users_groups into users_groups table

insert into users_groups (group_id, user_id)
values (10, 4);
insert into users_groups (group_id, user_id)
values (20, 5);
insert into users_groups (group_id, user_id)
values (8, 50);
insert into users_groups (group_id, user_id)
values (27, 10);
insert into users_groups (group_id, user_id)
values (23, 26);
insert into users_groups (group_id, user_id)
values (19, 24);
insert into users_groups (group_id, user_id)
values (9, 49);
insert into users_groups (group_id, user_id)
values (38, 30);
insert into users_groups (group_id, user_id)
values (35, 35);
insert into users_groups (group_id, user_id)
values (11, 22);
insert into users_groups (group_id, user_id)
values (46, 27);
insert into users_groups (group_id, user_id)
values (31, 40);
insert into users_groups (group_id, user_id)
values (1, 15);
insert into users_groups (group_id, user_id)
values (48, 50);
insert into users_groups (group_id, user_id)
values (20, 26);
insert into users_groups (group_id, user_id)
values (2, 3);
insert into users_groups (group_id, user_id)
values (45, 27);
insert into users_groups (group_id, user_id)
values (10, 11);
insert into users_groups (group_id, user_id)
values (35, 10);
insert into users_groups (group_id, user_id)
values (31, 48);
insert into users_groups (group_id, user_id)
values (14, 41);
insert into users_groups (group_id, user_id)
values (31, 23);
insert into users_groups (group_id, user_id)
values (5, 31);
insert into users_groups (group_id, user_id)
values (35, 41);
insert into users_groups (group_id, user_id)
values (15, 40);
insert into users_groups (group_id, user_id)
values (7, 35);
insert into users_groups (group_id, user_id)
values (7, 50);
insert into users_groups (group_id, user_id)
values (12, 11);
insert into users_groups (group_id, user_id)
values (24, 17);
insert into users_groups (group_id, user_id)
values (45, 32);
insert into users_groups (group_id, user_id)
values (7, 18);
insert into users_groups (group_id, user_id)
values (34, 17);
insert into users_groups (group_id, user_id)
values (10, 9);
insert into users_groups (group_id, user_id)
values (37, 41);
insert into users_groups (group_id, user_id)
values (50, 9);
insert into users_groups (group_id, user_id)
values (31, 18);
insert into users_groups (group_id, user_id)
values (35, 15);
insert into users_groups (group_id, user_id)
values (26, 22);
insert into users_groups (group_id, user_id)
values (29, 47);
insert into users_groups (group_id, user_id)
values (16, 8);
insert into users_groups (group_id, user_id)
values (13, 16);
insert into users_groups (group_id, user_id)
values (18, 43);
insert into users_groups (group_id, user_id)
values (16, 16);
insert into users_groups (group_id, user_id)
values (23, 34);
insert into users_groups (group_id, user_id)
values (30, 21);
insert into users_groups (group_id, user_id)
values (15, 44);
insert into users_groups (group_id, user_id)
values (30, 49);
insert into users_groups (group_id, user_id)
values (21, 8);
insert into users_groups (group_id, user_id)
values (30, 19);
insert into users_groups (group_id, user_id)
values (49, 20);
